player_id,player_name,vbd_true_avg,true_position,pick_value_raw
13164,"Kupp, Cooper",15.675,WR,3.4684
13589,"Allen, Josh",8.506,QB,3.4684
14779,"Herbert, Justin",6.732,QB,3.4684
5848,"Brady, Tom",6.505,QB,3.4684
14802,"Taylor, Jonathan",13.656,RB,3.4684
13116,"Mahomes, Patrick",5.74,QB,3.4684
11675,"Adams, Davante",11.993,WR,3.4684
14777,"Burrow, Joe",4.351,QB,3.4684
9431,"Stafford, Matthew",4.287,QB,3.4684
14783,"Hurts, Jalen",5.255,QB,3.4684
7836,"Rodgers, Aaron",5.25,QB,3.4684
13404,"Ekeler, Austin",12.187,RB,3.4684
14136,"Samuel, Deebo",10.756,WR,3.4684
14836,"Jefferson, Justin",9.137,WR,3.4684
13813,"Oluokun, Foyesade",9.912,LB,3.4684
12620,"Prescott, Dak",4.028,QB,3.4684
15281,"Chase, Ja'Marr",8.618,WR,3.4684
12801,"Hill, Tyreek",8.325,WR,3.4684
14056,"Murray, Kyler",6.279,QB,3.4684
15254,"Harris, Najee",9.194,RB,3.4684
13131,"Mixon, Joe",9.05,RB,3.4684
13671,"Andrews, Mark",4.106,TE,3.4684
10775,"Wagner, Bobby",8.35,LB,3.4684
12779,"Campbell, De'Vondre",8.162,LB,3.4684
13696,"Smith, Roquan",7.975,LB,3.4684
14892,"Brooks, Jordyn",7.662,LB,3.4684
11728,"Mosley, C.J.",8.267,LB,3.4684
14208,"Johnson, Diontae",7.426,WR,3.4684
12239,"Kendricks, Eric",7.038,LB,3.4684
12186,"Diggs, Stefon",6.206,WR,3.4684
14123,"Renfrow, Hunter",5.978,WR,3.4684
13593,"Jackson, Lamar",5.043,QB,3.4684
13129,"Fournette, Leonard",9.251,RB,3.4684
12238,"Perryman, Denzel",8.743,LB,3.4684
13733,"Leonard, Darius",7.333,LB,3.4684
13762,"White, Kyzir",6.162,LB,3.4684
14260,"Holcomb, Cole",7.2,LB,3.4684
11222,"Allen, Keenan",6.246,WR,3.4684
11225,"Patterson, Cordarrelle",6.167,WR,3.4684
13163,"Godwin, Chris",7.263,WR,3.4684
12625,"Elliott, Ezekiel",6.185,RB,3.4684
15284,"Waddle, Jaylen",5.779,WR,3.4684
12745,"Jones, Deion",6.4,LB,3.4684
11671,"Evans, Mike",5.513,WR,3.4684
14102,"Metcalf, DK",4.4,WR,3.4684
14218,"Okereke, Bobby",5.162,LB,3.4684
14832,"Lamb, CeeDee",5.319,WR,3.4684
13319,"Jones, Aaron",6.365,RB,3.4684
13146,"Conner, James",7.451,RB,3.4684
14168,"White, Devin",4.912,LB,3.4684
14412,"Singleton, Alex",4.788,LB,3.4684
11674,"Cooks, Brandin",4.886,WR,3.4684
12287,"Hicks, Jordan",4.662,LB,3.4684
13214,"Watt, T.J.",7.991,DL,3.4684
13713,"Fitzpatrick, Minkah",4.367,DB,3.4684
13743,"Warner, Fred",5.467,LB,3.4684
13635,"Moore, D.J.",3.702,WR,3.4684
10783,"Smith, Harrison",5.357,DB,3.4684
14105,"Brown, Marquise",4.579,WR,3.4684
14835,"Higgins, Tee",5.527,WR,3.4684
13154,"Williams, Mike",4.453,WR,3.4684
14842,"Pittman, Michael",3.444,WR,3.4684
13132,"Kamara, Alvin",9.157,RB,3.4684
13714,"James, Derwin",4.857,DB,3.4684
15350,"Parsons, Micah",4.038,LB,3.4684
12187,"Lockett, Tyler",4.109,WR,3.4684
14852,"Gibson, Antonio",5.061,RB,3.4684
14322,"Edwards, T.J.",3.725,LB,3.4684
13610,"Chubb, Nick",7.094,RB,3.4684
11316,"Ryan, Logan",4.286,DB,3.4684
14073,"Jacobs, Josh",5.68,RB,3.4684
11938,"Thielen, Adam",5.175,WR,3.4684
13128,"Cook, Dalvin",7.586,RB,3.4684
14797,"Swift, D'Andre",7.269,RB,3.4684
10266,"Heyward, Cameron",4.25,DL,3.4684
14075,"Harris, Damien",4.908,RB,3.4684
12626,"Henry, Derrick",15.156,RB,3.4684
12768,"Schobert, Joe",3.467,LB,3.4684
14221,"Williams, Quincy",3.467,LB,3.4684
12828,"Grugier-Hill, Kamu",5.369,LB,3.4684
14590,"Al-Shaair, Azeez",5.292,LB,3.4684
14071,"Montgomery, David",5.386,RB,3.4684
12231,"Thompson, Shaq",4.908,LB,3.4684
14928,"Wilson, Logan",4.754,LB,3.4684
10768,"David, Lavonte",4.677,LB,3.4684
13306,"Walker, Anthony",5.6,LB,3.4684
14813,"Robinson, James",3.558,RB,3.4684
14909,"Winfield, Antoine",3.833,DB,3.4684
14104,"Brown, A.J.",3.648,WR,3.4684
14087,"Henderson, Darrell",4.611,RB,3.4684
11772,"Kirksey, Christian",3.933,LB,3.4684
13281,"Douglas, Rasul",3.955,DB,3.4684
15263,"Mitchell, Elijah",5.221,RB,3.4684
11232,"Hopkins, DeAndre",4.526,WR,3.4684
11228,"Woods, Robert",5.05,WR,3.4684
14268,"Long, David",5.489,LB,3.4684
13130,"McCaffrey, Christian",9.208,RB,3.4684
9988,"Brown, Antonio",7.106,WR,3.4684
13138,"Hunt, Kareem",4.744,RB,3.4684
12221,"Hunter, Danielle",4.205,DL,3.4684
13629,"Ridley, Calvin",4.026,WR,3.4684
14339,"Grayson, Cyril",4.743,WR,3.4684
14247,"Greenlaw, Dre",3.6,LB,3.4684
15524,"Eberle, Dominik",3.533,PK,3.4684
15256,"Williams, Javonte",3.338,RB,3.3537
10816,"Davis, Demario",3.333,LB,3.3537
12175,"Cooper, Amari",3.349,WR,3.3537
11757,"Donald, Aaron",3.374,DL,3.3537
13697,"Edmunds, Tremaine",3.386,LB,3.3537
14184,"Abram, Johnathan",3.214,DB,3.2398
13364,"Carson, Chris",3.269,RB,3.2398
15029,"Crowder, Tae",3.1,LB,3.1268
11244,"Kelce, Travis",3.011,TE,3.0147
12151,"Gordon, Melvin",3.027,RB,3.0147
13726,"Edmonds, Chase",3.019,RB,3.0147
10700,"Cousins, Kirk",2.874,QB,2.9036
14887,"Simmons, Isaiah",2.912,LB,2.9036
13230,"Adams, Jamal",2.917,DB,2.9036
14803,"Edwards-Helaire, Clyde",2.954,RB,2.9036
13470,"Moore, Kenny",2.812,DB,2.7934
13623,"Williams, Darrel",2.763,RB,2.7934
14085,"Pollard, Tony",2.812,RB,2.7934
15258,"Carter, Michael",2.802,RB,2.7934
13325,"Woods, Xavier",2.625,DB,2.5758
13706,"Baker, Jerome",2.6,LB,2.5758
13700,"Landry, Harold",2.624,DL,2.5758
13108,"McKissic, J.D.",2.621,RB,2.5758
12752,"Byard, Kevin",2.5,DB,2.4685
15355,"Bolton, Nick",2.467,LB,2.4685
13810,"Joseph-Day, Sebastian",2.491,DL,2.4685
14518,"Thompson, Jalen",2.375,DB,2.3622
15287,"St. Brown, Amon-Ra",2.381,WR,2.3622
13633,"Kirk, Christian",2.373,WR,2.3622
14109,"McLaurin, Terry",2.318,WR,2.3622
12075,"Barrett, Shaq",2.395,DL,2.3622
13245,"Reddick, Haason",2.395,DL,2.3622
10292,"Jordan, Cameron",2.329,DL,2.3622
15288,"Moore, Elijah",2.37,WR,2.3622
11769,"Lawrence, Demarcus",2.395,DL,2.3622
14927,"Chinn, Jeremy",2.25,DB,2.2569
12702,"Jack, Myles",2.243,LB,2.2569
11317,"Poyer, Jordan",2.167,DB,2.1526
14805,"Dillon, AJ",2.175,RB,2.1526
12250,"Collins, Landon",2.192,DB,2.1526
14834,"Ruggs, Henry",2.177,WR,2.1526
14974,"Mooney, Darnell",2.019,WR,2.0493
13198,"Garrett, Myles",2.062,DL,2.0493
12734,"Floyd, Leonard",2,DL,2.0493
14147,"Bosa, Nick",2,DL,2.0493
14167,"Allen, Josh",2.062,DL,2.0493
12241,"Johnson, Alexander",2.1,LB,2.0493
10269,"Quinn, Robert",1.933,LB,1.9471
13774,"Reed, D.J.",1.928,DB,1.9471
14162,"Wilkins, Christian",1.943,DL,1.9471
12788,"Martinez, Blake",1.933,LB,1.9471
12720,"Kearse, Jayron",1.812,DB,1.8459
13604,"Barkley, Saquon",1.894,RB,1.8459
13688,"Davenport, Marcus",1.862,DL,1.8459
14080,"Singletary, Devin",1.782,RB,1.7458
14081,"Gaskin, Myles",1.711,RB,1.7458
13608,"Penny, Rashaad",1.738,RB,1.7458
12718,"Bell, Vonn",1.688,DB,1.6467
14896,"Queen, Patrick",1.6,LB,1.6467
13775,"Bentley, Ja'Whaun",1.667,LB,1.6467
14210,"Pratt, Germaine",1.604,LB,1.6467
13153,"Davis, Corey",1.606,WR,1.6467
13134,"Foreman, D'Onta",1.682,RB,1.6467
14903,"Diggs, Trevon",1.594,DB,1.5487
13251,"Baker, Budda",1.562,DB,1.5487
12711,"Ramsey, Jalen",1.567,DB,1.5487
14991,"Fuller, Jordan",1.567,DB,1.5487
13747,"Walker, Tracy",1.571,DB,1.5487
10753,"Jones, Chandler",1.562,DL,1.5487
8851,"Folk, Nick",1.461,PK,1.4518
13252,"Maye, Marcus",1.5,DB,1.4518
10976,"Tucker, Justin",1.377,PK,1.356
13307,"Milano, Matt",1.333,LB,1.356
12278,"Golden, Markus",1.395,DL,1.356
14940,"Highsmith, Alex",1.395,DL,1.356
12686,"Bosa, Joey",1.329,DL,1.356
14882,"Greenard, Jonathan",1.335,DL,1.356
11747,"White, James",1.394,RB,1.356
12349,"Diggs, Quandre",1.25,DB,1.2614
12650,"Boyd, Tyler",1.299,WR,1.2614
14921,"Dugger, Kyle",1.233,DB,1.2614
12302,"Wilson, Damien",1.225,LB,1.2614
13268,"Anzalone, Alex",1.243,LB,1.2614
12795,"Judon, Matt",1.25,DL,1.2614
15351,"Owusu-Koramoah, Jeremiah",1.292,LB,1.2614
14558,"Harris, Deonte",1.253,WR,1.2614
13299,"Kittle, George",1.164,TE,1.1678
12714,"Fuller, Kendall",1.167,DB,1.1678
14185,"Adderley, Nasir",1.174,DB,1.1678
12225,"Williams, Leonard",1.124,DL,1.1678
12817,"Brown, Anthony",1.062,DB,1.0754
13232,"King, Desmond",1.121,DB,1.0754
11313,"Mathieu, Tyrann",1.033,DB,1.0754
14244,"Gay, Matt",1.042,PK,1.0754
13216,"Cunningham, Zach",1.062,LB,1.0754
12140,"Winston, Jameis",1.054,QB,1.0754
15259,"Stevenson, Rhamondre",1.112,RB,1.0754
13871,"Hilliard, Dontrell",1.113,RB,1.0754
11382,"Hyde, Micah",1.025,DB,0.9841
12767,"Simmons, Justin",1,DB,0.9841
14908,"McKinney, Xavier",1,DB,0.9841
15282,"Smith, DeVonta",1.025,WR,0.9841
13224,"Lattimore, Marshon",0.967,DB,0.9841
14918,"Terrell, A.J.",0.967,DB,0.9841
13765,"Young, Kenny",0.985,LB,0.9841
12176,"Parker, DeVante",0.95,WR,0.9841
12157,"Johnson, Duke",0.969,RB,0.9841
10703,"Wilson, Russell",0.926,QB,0.894
12308,"Amos, Adrian",0.938,DB,0.894
14127,"Meyers, Jakobi",0.909,WR,0.894
15368,"McPherson, Evan",0.886,PK,0.894
11723,"Van Noy, Kyle",0.867,LB,0.894
13920,"Ward, Charvarius",0.917,DB,0.894
11720,"Barr, Anthony",0.85,LB,0.894
12658,"Shepard, Sterling",0.906,WR,0.894
13917,"Jackson, J.C.",0.812,DB,0.8051
13418,"Bourne, Kendrick",0.762,WR,0.8051
13737,"Bates, Jessie",0.833,DB,0.8051
15001,"Curl, Kamren",0.833,DB,0.8051
14956,"Sneed, L'Jarius",0.786,DB,0.8051
13760,"Whitehead, Jordan",0.808,DB,0.8051
13684,"Hubbard, Sam",0.812,DL,0.8051
14079,"Sanders, Miles",0.844,RB,0.8051
11721,"Mack, Khalil",0.776,DL,0.8051
13718,"Carlson, Daniel",0.761,PK,0.7174
11936,"Boswell, Chris",0.736,PK,0.7174
13223,"Humphrey, Marlon",0.75,DB,0.7174
15225,"Riley, Elijah",0.667,DB,0.6308
12688,"Buckner, DeForest",0.562,DL,0.5455
10699,"Foles, Nick",0.511,QB,0.5455
14180,"Murphy, Byron",0.46,DB,0.4614
12985,"Littleton, Cory",0.475,LB,0.4614
13263,"Awuzie, Chidobe",0.429,DB,0.4614
14841,"Claypool, Chase",0.42,WR,0.4614
13738,"Jackson, Donte",0.423,DB,0.4614
13959,"Williams, Darious",0.423,DB,0.4614
11660,"Freeman, Devonta",0.454,RB,0.4614
14163,"Simmons, Jeffery",0.5,DL,0.4614
10653,"Bynes, Josh",0.446,LB,0.4614
13139,"Williams, Jamaal",0.461,RB,0.4614
14434,"Reaves, Jeremy",0.5,DB,0.4614
13898,"Joseph, Greg",0.386,PK,0.3785
13809,"Gage, Russell",0.375,WR,0.3785
14170,"Bush, Devin",0.369,LB,0.3785
13304,"Brown, Jayon",0.4,LB,0.3785
12381,"Siemian, Trevor",0.395,QB,0.3785
9861,"Jackson, Kareem",0.3,DB,0.2969
11293,"Ogletree, Alec",0.333,LB,0.2969
12629,"Booker, Devontae",0.294,RB,0.2969
11680,"Landry, Jarvis",0.306,WR,0.2969
14964,"Hall, Bryce",0.188,DB,0.2166
14245,"Oruwariye, Amani",0.214,DB,0.2166
13204,"Harris, Charles",0.25,DL,0.2166
14171,"Burns, Brian",0.25,DL,0.2166
14226,"Willis, Khari",0.227,DB,0.2166
12233,"Alexander, Kwon",0.236,LB,0.2166
14840,"Aiyuk, Brandon",0.118,WR,0.1376
13354,"Butker, Harrison",0.116,PK,0.1376
14912,"Blankenship, Rodrigo",0.173,PK,0.1376
13764,"Johnson, Taron",0.033,DB,0.0598
13303,"Elliott, Jake",0.077,PK,0.0598
11883,"Mitchell, Terrance",0.038,DB,0.0598
11760,"Garoppolo, Jimmy",-0.02,QB,-0.0167
10973,"Beasley, Cole",-0.047,WR,-0.0167
14157,"Williams, Quinnen",-0.009,DL,-0.0167
13646,"Gallup, Michael",-0.027,WR,-0.0167
10697,"Tannehill, Ryan",-0.097,QB,-0.0921
12764,"Hargrave, Javon",-0.126,DL,-0.0921
12634,"Howard, Jordan",-0.077,RB,-0.0921
14059,"Jones, Daniel",-0.151,QB,-0.1663
10261,"Green, A.J.",-0.161,WR,-0.1663
14672,"Reeder, Troy",-0.15,LB,-0.1663
8930,"Prater, Matt",-0.139,PK,-0.1663
11788,"Breeland, Bashaud",-0.192,DB,-0.1663
15464,"Echols, Brandin",-0.192,DB,-0.1663
13226,"Jackson, Adoree",-0.167,DB,-0.1663
14249,"Van Ginkel, Andrew",-0.188,DL,-0.1663
13710,"Davis, Carlton",-0.167,DB,-0.1663
12610,"Wentz, Carson",-0.232,QB,-0.2393
12831,"Roberts, Elandon",-0.275,LB,-0.2393
14910,"Jones, Brandon",-0.214,DB,-0.2393
11387,"Hopkins, Dustin",-0.211,PK,-0.2393
12910,"Harris, Erik",-0.25,DB,-0.2393
13208,"Allen, Jonathan",-0.25,DL,-0.2393
14149,"Gary, Rashan",-0.205,DL,-0.2393
14182,"Hooker, Amani",-0.264,DB,-0.2393
13703,"Carter, Lorenzo",-0.246,DL,-0.2393
14727,"Reynolds, Craig",-0.256,RB,-0.2393
10738,"Jones, Marvin",-0.294,WR,-0.3113
13638,"Berrios, Braxton",-0.337,WR,-0.3113
14328,"Wingard, Andrew",-0.34,DB,-0.3113
10862,"Bullock, Randy",-0.277,PK,-0.3113
8153,"Gould, Robbie",-0.338,PK,-0.3113
14850,"Cephus, Quintez",-0.314,WR,-0.3113
9430,"Jenkins, Malcolm",-0.367,DB,-0.3821
13227,"Lewis, Jourdan",-0.367,DB,-0.3821
13322,"Clark, Chuck",-0.367,DB,-0.3821
12184,"Crowder, Jamison",-0.367,WR,-0.3821
13699,"Evans, Rashaan",-0.4,LB,-0.3821
13702,"Jewell, Josey",-0.4,LB,-0.3821
12088,"Phillips, Adrian",-0.438,DB,-0.4519
12742,"Howard, Xavien",-0.433,DB,-0.4519
15366,"Holland, Jevon",-0.46,DB,-0.4519
12164,"Davis, Mike",-0.419,RB,-0.4519
13284,"Hendrickson, Trey",-0.438,DL,-0.4519
14235,"Tranquill, Drue",-0.477,LB,-0.4519
14798,"Moss, Zack",-0.439,RB,-0.4519
13347,"Gonzalez, Zane",-0.475,PK,-0.4519
12741,"Jones, Chris",-0.476,DL,-0.4519
14716,"Harris, Jonathan",-0.438,DL,-0.4519
13716,"Edmunds, Terrell",-0.5,DB,-0.5206
13253,"Williams, Marcus",-0.5,DB,-0.5206
13293,"Reeves-Maybin, Jalen",-0.543,LB,-0.5206
12270,"Smith, Preston",-0.538,DL,-0.5206
11679,"Beckham, Odell",-0.556,WR,-0.5884
11795,"Hitchens, Anthony",-0.614,LB,-0.5884
13256,"Bowser, Tyus",-0.563,DL,-0.5884
13980,"Badgley, Mike",-0.621,PK,-0.5884
15369,"Patterson, Riley",-0.609,PK,-0.5884
13719,"Pineiro, Eddy",-0.617,PK,-0.5884
12476,"Heinicke, Taylor",-0.638,QB,-0.6551
12762,"Vigil, Nick",-0.667,LB,-0.6551
12700,"Johnson, Austin",-0.626,DL,-0.6551
12222,"Flowers, Trey",-0.652,DL,-0.6551
15034,"Callaway, Marquez",-0.7,WR,-0.7209
14983,"Bass, Tyler",-0.73,PK,-0.7209
12263,"Waller, Darren",-0.752,TE,-0.7209
14223,"Mattison, Alexander",-0.717,RB,-0.7209
13212,"Wormley, Chris",-0.724,DL,-0.7209
14153,"Allen, Zach",-0.724,DL,-0.7209
14977,"Osborn, K.J.",-0.785,WR,-0.7858
13377,"Patrick, Tim",-0.801,WR,-0.7858
9918,"Sanders, Emmanuel",-0.787,WR,-0.7858
9694,"Gano, Graham",-0.764,PK,-0.7858
8742,"Crosby, Mason",-0.789,PK,-0.7858
13229,"Jackson, Eddie",-0.808,DB,-0.7858
12276,"Darby, Ronald",-0.773,DB,-0.7858
13759,"Armstrong, Dorance",-0.771,DL,-0.7858
13839,"Sieler, Zach",-0.876,DL,-0.8498
15385,"Ojulari, Azeez",-0.876,DL,-0.8498
11706,"Clowney, Jadeveon",-0.861,DL,-0.8498
15362,"Surtain II, Patrick",-0.938,DB,-0.9129
15380,"Campbell, Tyson",-0.929,DB,-0.9129
14600,"Slye, Joey",-0.899,PK,-0.9129
13767,"Maddox, Avonte",-1,DB,-0.9751
13630,"Sutton, Courtland",-0.988,WR,-0.9751
14225,"Crosby, Maxx",-1,DL,-0.9751
15346,"Rousseau, Gregory",-1,DL,-0.9751
13934,"Facyson, Brandon",-0.955,DB,-0.9751
11768,"Ward, Jimmie",-1.033,DB,-1.0365
14095,"Johnson, Ty",-1.019,RB,-1.0365
13231,"Peppers, Jabrill",-1.017,DB,-1.0365
13262,"Kpassagnon, Tanoh",-1.063,DL,-1.0365
13761,"Averett, Anthony",-1.071,DB,-1.0971
15283,"Moore, Rondale",-1.095,WR,-1.0971
11947,"McManus, Brandon",-1.08,PK,-1.0971
13717,"Reid, Justin",-1.115,DB,-1.0971
14181,"Mullen, Trayvon",-1.1,DB,-1.0971
15261,"Hubbard, Chuba",-1.154,RB,-1.157
13715,"Harrison, Ronnie",-1.167,DB,-1.157
10276,"Ingram, Mark",-1.177,RB,-1.157
12736,"Neal, Keanu",-1.169,LB,-1.157
14224,"Gardner-Johnson, Chauncey",-1.136,DB,-1.157
15293,"Bateman, Rashod",-1.167,WR,-1.157
11640,"Bridgewater, Teddy",-1.24,QB,-1.2161
14213,"Harris, Will",-1.188,DB,-1.2161
14250,"Hollins, Justin",-1.224,DL,-1.2161
14258,"Seibert, Austin",-1.209,PK,-1.2161
9686,"Succop, Ryan",-1.289,PK,-1.2745
13723,"Payne, Da'Ron",-1.25,DL,-1.2745
11872,"Harris, Shelby",-1.271,DL,-1.2745
14962,"Gipson, Trevis",-1.271,DL,-1.2745
9904,"Joseph, Linval",-1.246,DL,-1.2745
14199,"Murphy-Bunting, Sean",-1.25,DB,-1.2745
14778,"Tagovailoa, Tua",-1.309,QB,-1.3322
13265,"Ogunjobi, Larry",-1.313,DL,-1.3322
14833,"Jeudy, Jerry",-1.305,WR,-1.3322
13748,"Jones, Justin",-1.338,DL,-1.3322
11348,"Slay, Darius",-1.375,DB,-1.3892
13690,"Sweat, Josh",-1.376,DL,-1.3892
13746,"Green, Rasheem",-1.376,DL,-1.3892
13693,"Phillips, Harrison",-1.4,DL,-1.3892
12215,"Gregory, Randy",-1.393,DL,-1.3892
15432,"Carter, Michael",-1.429,DB,-1.4456
13622,"Hines, Nyheim",-1.447,RB,-1.4456
15373,"Davis, Jamin",-1.467,LB,-1.4456
12305,"Jarrett, Grady",-1.438,DL,-1.4456
13479,"Davis, Michael",-1.5,DB,-1.5014
13332,"Jones, D.J.",-1.5,DL,-1.5014
13793,"Valdes-Scantling, Marquez",-1.494,WR,-1.5014
10823,"Hicks, Akiem",-1.494,DL,-1.5014
13806,"Elliott, DeShon",-1.5,DB,-1.5014
14902,"Okudah, Jeff",-1.5,DB,-1.5014
7401,"Roethlisberger, Ben",-1.573,QB,-1.5566
14138,"Hockenson, T.J.",-1.574,TE,-1.5566
13403,"Koo, Younghoe",-1.542,PK,-1.5566
12611,"Goff, Jared",-1.598,QB,-1.6113
13742,"Hill, B.J.",-1.626,DL,-1.6113
13909,"Maher, Brett",-1.61,PK,-1.6113
13668,"Chark, D.J.",-1.594,WR,-1.6113
13863,"Pringle, Byron",-1.642,WR,-1.6654
15255,"Gainwell, Kenneth",-1.685,RB,-1.6654
14926,"Gay, Willie",-1.673,LB,-1.6654
13772,"Schultz, Dalton",-1.701,TE,-1.7178
13308,"Agnew, Jamal",-1.74,WR,-1.7178
12739,"Clark, Kenny",-1.738,DL,-1.7178
15378,"Oweh, Jayson",-1.738,DL,-1.7178
12217,"Fowler, Dante",-1.707,DL,-1.7178
14941,"Taylor, Davion",-1.733,LB,-1.7178
13727,"Vander Esch, Leighton",-1.775,LB,-1.7672
13632,"Lazard, Allen",-1.765,WR,-1.7672
10457,"Guy, Lawrence",-1.75,DL,-1.7672
12697,"Robinson, A'Shawn",-1.75,DL,-1.7672
14947,"Wonnum, D.J.",-1.75,DL,-1.7672
15384,"Samuel, Asante",-1.773,DB,-1.7672
13634,"Pettis, Dante",-1.747,WR,-1.7672
14222,"Edwards, Mike",-1.808,DB,-1.814
15349,"Phillips, Jaelan",-1.813,DL,-1.814
13998,"Moseley, Emmanuel",-1.8,DB,-1.814
10413,"Taylor, Tyrod",-1.832,QB,-1.814
13288,"Jenkins, Rayshawn",-1.857,DB,-1.8581
12756,"Ngakoue, Yannick",-1.876,DL,-1.8581
13330,"Muhammad, Al-Quadin",-1.876,DL,-1.8581
11010,"Gipson, Tashaun",-1.864,DB,-1.8581
13953,"Thomas, Tavierre",-1.881,DB,-1.8997
14857,"Peoples-Jones, Donovan",-1.913,WR,-1.8997
12750,"Bradberry, James",-1.938,DB,-1.939
14113,"Hardman, Mecole",-1.928,WR,-1.939
13274,"Johnson, John",-1.929,DB,-1.939
14384,"Reed, Malik",-1.938,LB,-1.939
12083,"Autry, Denico",-1.938,DL,-1.939
14237,"Gaines, Greg",-1.938,DL,-1.939
14159,"Lawrence, Dexter",-1.938,DL,-1.939
14161,"Tillery, Jerry",-1.938,DL,-1.939
9833,"Pierre-Paul, Jason",-1.938,DL,-1.939
14148,"Sweat, Montez",-1.938,DL,-1.939
15678,"Hoyett, Braxton",-1.938,DL,-1.939
13592,"Darnold, Sam",-1.96,QB,-1.9762
15289,"Toney, Kadarius",-1.958,WR,-1.9762
13066,"Raymond, Kalif",-2.007,WR,-2.0113
10774,"Hightower, Dont'a",-2,LB,-2.0113
15404,"Jones, Ernest",-2,LB,-2.0113
9825,"Dunlap, Carlos",-2,DL,-2.0113
12218,"Armstead, Arik",-2,DL,-2.0113
15241,"Jones, Mac",-2.033,QB,-2.0445
10267,"Miller, Von",-2.043,LB,-2.0445
12252,"Harris, Anthony",-2.071,DB,-2.076
13317,"Godchaux, Davon",-2.063,DL,-2.076
12952,"Pierce, Michael",-2.063,DL,-2.076
12794,"Blair, Ronald",-2.081,DL,-2.076
9099,"Ryan, Matt",-2.096,QB,-2.1059
14722,"Needham, Nik",-2.125,DB,-2.1344
13652,"Wilson, Cedrick",-2.146,WR,-2.1344
10851,"Norman, Josh",-2.143,DB,-2.1344
12360,"Covington, Christian",-2.138,DL,-2.1344
12229,"Phillips, Jordan",-2.16,DL,-2.1615
9846,"McCourty, Devin",-2.199,DB,-2.1875
13787,"Carter, Jermaine",-2.212,LB,-2.2125
14897,"Brown, Derrick",-2.205,DL,-2.2125
9051,"Campbell, Calais",-2.224,DL,-2.2125
13590,"Mayfield, Baker",-2.225,QB,-2.2365
15441,"Hobbs, Nate",-2.233,DB,-2.2365
13434,"Robertson-Harris, Roy",-2.246,DL,-2.2365
14877,"Young, Chase",-2.238,DL,-2.2365
14845,"Davis, Gabriel",-2.261,WR,-2.2599
12737,"Jackson, William",-2.25,DB,-2.2599
13296,"Wise, Deatrich",-2.271,DL,-2.2599
14907,"Delpit, Grant",-2.286,DB,-2.2827
13832,"Sanders, Jason",-2.279,PK,-2.2827
12275,"Rowe, Eric",-2.312,DB,-2.305
13414,"Hilton, Mike",-2.312,DB,-2.305
13711,"Wallace, Levi",-2.312,DB,-2.305
12268,"Jones, Byron",-2.3,DB,-2.305
10308,"Cobb, Randall",-2.311,WR,-2.305
12173,"Brown, Malcom",-2.313,DL,-2.305
14847,"Duvernay, Devin",-2.335,WR,-2.3271
10779,"Jenkins, Janoris",-2.346,DB,-2.3489
11017,"McLeod, Rodney",-2.346,DB,-2.3489
8658,"Peterson, Adrian",-2.356,RB,-2.3489
12311,"McCain, Bobby",-2.375,DB,-2.3708
10762,"Cox, Fletcher",-2.376,DL,-2.3708
15618,"Jones, Naquan",-2.393,DL,-2.3929
14838,"Shenault, Laviska",-2.407,WR,-2.4152
10932,"Bolden, Brandon",-2.421,RB,-2.4152
13267,"Smoot, Dawuane",-2.405,DL,-2.4152
13770,"Franklin-Myers, John",-2.405,DL,-2.4152
15394,"Adebo, Paulson",-2.438,DB,-2.4379
12772,"Murray, Eric",-2.433,DB,-2.4379
13270,"Moreau, Fabian",-2.433,DB,-2.4379
9940,"Woods, Al",-2.438,DL,-2.4379
14269,"Watts, Armon",-2.438,DL,-2.4379
12703,"Ragland, Reggie",-2.462,LB,-2.4612
11945,"Santos, Cairo",-2.467,PK,-2.4612
13620,"Jackson, Justin",-2.452,RB,-2.4612
14197,"Savage, Darnell",-2.5,DB,-2.5102
12791,"Lowry, Dean",-2.5,DL,-2.5102
13777,"Nichols, Bilal",-2.5,DL,-2.5102
13730,"Alexander, Jaire",-2.5,DB,-2.5102
11765,"Verrett, Jason",-2.5,DB,-2.5102
14923,"Taylor, Darrell",-2.538,DL,-2.5361
14143,"Knox, Dawson",-2.553,TE,-2.5631
12015,"Williams, K'Waun",-2.571,DB,-2.5631
12274,"Tartt, Jaquiski",-2.577,DB,-2.5631
13704,"Nwosu, Uchenna",-2.563,DL,-2.5631
14017,"Wilson, Jeffery",-2.568,RB,-2.5631
9828,"Griffen, Everson",-2.605,DL,-2.5915
11299,"Bostic, Jon",-2.6,LB,-2.5915
15377,"Stokes, Eric",-2.625,DB,-2.6213
13225,"Jones, Sidney",-2.633,DB,-2.6213
15387,"Werner, Pete",-2.614,LB,-2.6213
11283,"Richardson, Sheldon",-2.626,DL,-2.6213
10729,"Hilton, T.Y.",-2.616,WR,-2.6213
12930,"Anderson, Robby",-2.663,WR,-2.6516
14219,"Dean, Jamel",-2.643,DB,-2.6516
14205,"Johnson, Lonnie",-2.654,DB,-2.6516
11390,"Murray, Latavius",-2.652,RB,-2.6516
12628,"Collins, Alex",-2.661,RB,-2.6516
10272,"Watt, J.J.",-2.652,DL,-2.6516
13674,"Goedert, Dallas",-2.682,TE,-2.6816
11182,"Burkhead, Rex",-2.693,RB,-2.6816
12796,"Jefferson, Quinton",-2.688,DL,-2.6816
14164,"Jones, Dre'Mont",-2.671,DL,-2.6816
13687,"Lewis, Tyquan",-2.688,DL,-2.6816
14335,"Fry, Elliott",-2.667,PK,-2.6816
13707,"Ward, Denzel",-2.7,DB,-2.7112
12171,"Johnson, David",-2.698,RB,-2.7112
14904,"Fulton, Kristian",-2.731,DB,-2.7405
10465,"Smith, Malcolm",-2.733,LB,-2.7405
12589,"Hill, Troy",-2.75,DB,-2.7405
14158,"Oliver, Ed",-2.75,DL,-2.7405
10763,"Brockers, Michael",-2.738,DL,-2.7405
15005,"Willekes, Kenny",-2.738,DL,-2.7405
13814,"Scott, Boston",-2.757,RB,-2.7694
14929,"Okwara, Julian",-2.771,DL,-2.7694
11956,"Sorensen, Daniel",-2.812,DB,-2.7981
12813,"Houston-Carson, DeAndre",-2.808,DB,-2.7981
14935,"Dantzler, Cameron",-2.808,DB,-2.7981
13692,"Vea, Vita",-2.805,DL,-2.7981
12771,"Day, Sheldon",-2.795,DL,-2.7981
15329,"Pitts, Kyle",-2.819,TE,-2.8266
12782,"Onyemata, David",-2.838,DL,-2.8266
15477,"Graham, Thomas",-2.833,DB,-2.8266
11678,"Robinson, Allen",-2.849,WR,-2.8549
12701,"Smith, Jaylon",-2.844,LB,-2.8549
12343,"Philon, Darius",-2.847,DL,-2.8549
12394,"Carter, DeAndre",-2.877,WR,-2.883
15546,"Parker, AJ",-2.885,DB,-2.883
14717,"McLaughlin, Chase",-2.897,PK,-2.883
12292,"Blackson, Angelo",-2.876,DL,-2.883
12698,"Reed, Jarran",-2.876,DL,-2.883
14930,"Hamilton, Davon",-2.871,DL,-2.883
14933,"Blackmon, Julian",-2.875,DB,-2.883
15402,"Molden, Elijah",-2.9,DB,-2.911
12437,"Myers, Jason",-2.917,PK,-2.911
14150,"Bryant, Austin",-2.938,DL,-2.9389
11374,"Means, Steven",-2.938,DL,-2.9389
15376,"Turner, Payton",-2.938,DL,-2.9389
15375,"Newsome, Greg",-2.955,DB,-2.9667
12152,"Coleman, Tevin",-2.965,RB,-2.9667
14924,"Johnson, Jaylon",-3,DB,-2.9945
15271,"Herbert, Khalil",-2.992,RB,-2.9945
13249,"White, Tre'Davious",-3,DB,-2.9945
14789,"Huntley, Tyler",-2.989,QB,-2.9945
15409,"Barnes, Derrick",-3.025,LB,-3.0223
15356,"Browning, Baron",-3.015,LB,-3.0223
15345,"Paye, Kwity",-3.009,DL,-3.0223
11359,"Harmon, Duron",-3.062,DB,-3.0501
12181,"Agholor, Nelson",-3.044,WR,-3.0501
14276,"Fenton, Rashad",-3.038,DB,-3.0501
13168,"Reynolds, Josh",-3.058,WR,-3.0501
14883,"Davidson, Marlon",-3.038,DL,-3.0501
12802,"Reader, D.J.",-3.071,DL,-3.078
13731,"Hughes, Mike",-3.116,DB,-3.106
10273,"Newton, Cam",-3.095,QB,-3.106
14997,"Rodgers, Isaiah",-3.121,DB,-3.1342
10271,"Jones, Julio",-3.127,WR,-3.1342
13210,"McDowell, Malik",-3.152,DL,-3.1624
13211,"Watkins, Carlos",-3.152,DL,-3.1624
12246,"Williams, P.J.",-3.188,DB,-3.1909
15405,"Stephens, Brandon",-3.188,DB,-3.1909
13273,"Griffin, Shaq",-3.192,DB,-3.1909
15422,"Wilson, Marco",-3.214,DB,-3.2197
14900,"Madubuike, Justin",-3.224,DL,-3.2197
13156,"Smith-Schuster, JuJu",-3.234,WR,-3.2197
15348,"Basham, Carlos",-3.224,DL,-3.2197
14137,"Fant, Noah",-3.255,TE,-3.2487
13199,"Thomas, Solomon",-3.25,DL,-3.2487
13266,"Witherspoon, Ahkello",-3.25,DB,-3.2487
13913,"Niemann, Ben",-3.275,LB,-3.278
13645,"Smith, Tre'Quan",-3.284,WR,-3.278
13598,"White, Mike",-3.284,QB,-3.278
15627,"Wise, Daniel",-3.271,DL,-3.278
12715,"Apple, Eli",-3.312,DB,-3.3076
14207,"Thornhill, Juan",-3.312,DB,-3.3076
13201,"Barnett, Derek",-3.313,DL,-3.3076
13933,"Ford, Poona",-3.313,DL,-3.3076
14878,"Gross-Matos, Yetur",-3.295,DL,-3.3076
12637,"Barber, Peyton",-3.298,RB,-3.3076
11247,"Ertz, Zach",-3.351,TE,-3.3376
15177,"Bryant, Myles",-3.333,DB,-3.3376
14426,"Wright, Matthew",-3.325,PK,-3.3376
15358,"Togiai, Tommy",-3.338,DL,-3.3376
12145,"Mannion, Sean",-3.329,QB,-3.3376
13298,"Stewart, Grover",-3.376,DL,-3.368
13258,"Walker, DeMarcus",-3.355,DL,-3.368
13798,"Fatukasi, Foley",-3.405,DL,-3.3988
14680,"Mone, Bryan",-3.4,DL,-3.3988
14943,"Davis-Gaither, Akeem",-3.4,LB,-3.3988
11821,"Smith, Chris",-3.4,LB,-3.3988
11265,"Gholston, William",-3.438,DL,-3.4301
13378,"Breida, Matt",-3.442,RB,-3.4301
15662,"Rotimi, Bunmi",-3.438,DL,-3.4301
15673,"Dwumfour, Michael",-3.438,DL,-3.4301
15239,"Wilson, Zach",-3.457,QB,-3.4618
13133,"Perine, Samaje",-3.459,RB,-3.4618
15528,"Wilkerson, Kristian",-3.461,WR,-3.4618
12155,"Abdullah, Ameer",-3.493,RB,-3.4941
14331,"Johnson, D'Ernest",-3.508,RB,-3.4941
14675,"Tuttle, Shy",-3.5,DL,-3.4941
13681,"Chubb, Bradley",-3.509,DL,-3.4941
11501,"Robey, Nickell",-3.5,DB,-3.4941
14951,"Lynch, James",-3.521,DL,-3.527
13269,"Basham, Tarell",-3.563,DL,-3.5608
15357,"Barmore, Christian",-3.563,DL,-3.5608
14844,"Edwards, Bryan",-3.607,WR,-3.5958
14278,"Shelley, Duke",-3.6,DB,-3.5958
11286,"Jenkins, John",-3.605,DL,-3.5958
15237,"Lawrence, Trevor",-3.638,QB,-3.6318
13672,"Gesicki, Mike",-3.632,TE,-3.6318
13276,"Sutton, Cameron",-3.623,DB,-3.6318
14177,"Williams, Greedy",-3.633,DB,-3.6318
15606,"Johnson, Brian",-3.646,PK,-3.6318
13641,"McCloud, Ray-Ray",-3.681,WR,-3.6689
9820,"Haden, Joe",-3.682,DB,-3.6689
13143,"McNichols, Jeremy",-3.682,RB,-3.6689
12979,"Williams, DeShawn",-3.671,DL,-3.6689
15397,"Golston, Chauncey",-3.652,DL,-3.6689
12988,"Jones, Jonathan",-3.667,DB,-3.6689
9815,"Suh, Ndamukong",-3.688,DL,-3.7069
15114,"Hartsfield, Myles",-3.722,DB,-3.7069
12280,"Clark, Frank",-3.724,DL,-3.7069
12987,"Hyder, Kerry",-3.724,DL,-3.7069
15533,"Gore, Derrick",-3.696,RB,-3.7069
14312,"Blewitt, Chris",-3.717,PK,-3.7069
14179,"Love, Julian",-3.75,DB,-3.7457
13277,"Golladay, Kenny",-3.74,WR,-3.7457
12645,"Treadwell, Laquon",-3.739,WR,-3.7457
10754,"Mercilus, Whitney",-3.738,DL,-3.7457
12234,"Dupree, Bud",-3.738,DL,-3.7457
14112,"Campbell, Parris",-3.754,WR,-3.7457
13709,"Oliver, Isaiah",-3.75,DB,-3.7457
12486,"Marlowe, Dean",-3.767,DB,-3.7853
12735,"Rankins, Sheldon",-3.805,DL,-3.7853
12797,"Ioannidis, Matt",-3.805,DL,-3.7853
12754,"Collins, Maliek",-3.795,DL,-3.7853
11281,"Hankins, Johnathan",-3.784,DL,-3.7853
11360,"Williams, Brandon",-3.771,DL,-3.7853
12126,"Purcell, Mike",-3.771,DL,-3.7853
14815,"Dallas, DeeJay",-3.823,RB,-3.8255
14270,"Epps, Marcus",-3.875,DB,-3.8662
13745,"Nnadi, Derrick",-3.876,DL,-3.8662
13260,"Tomlinson, Dalvin",-3.871,DL,-3.8662
15393,"Odighizuwa, Osa",-3.871,DL,-3.8662
9064,"Flacco, Joe",-3.879,QB,-3.8662
14992,"Watkins, Quez",-3.898,WR,-3.9075
13339,"Ford, Johnathan",-3.9,DB,-3.9075
13488,"Pascal, Zach",-3.913,WR,-3.9075
10220,"Sendejo, Andrew",-3.917,DB,-3.9075
14198,"Ya-Sin, Rock",-3.917,DB,-3.9075
11375,"Klein, A.J.",-3.9,LB,-3.9075
11193,"Bernard, Giovani",-3.919,RB,-3.9075
12860,"Fairbairn, Ka'imi",-3.925,PK,-3.9075
11314,"Rhodes, Xavier",-3.929,DB,-3.9491
13606,"Jones, Ronald",-3.931,RB,-3.9491
10554,"Addison, Mario",-3.938,DL,-3.9491
14248,"Keke, Kingsley",-3.938,DL,-3.9491
13207,"Willis, Jordan",-3.938,DL,-3.9491
14746,"Tuioti-Mariner, Jacob",-3.938,DL,-3.9491
13271,"Rivers, Derek",-3.938,DL,-3.9491
14901,"Gallimore, Neville",-3.938,DL,-3.9491
14653,"Mack, Isaiah",-3.938,DL,-3.9491
15101,"Akinmoladun, Freedom",-3.938,DL,-3.9491
15594,"Faoliu, Austin",-3.938,DL,-3.9491
15653,"Smith, T.J.",-3.938,DL,-3.9491
14236,"Amadi, Ugo",-4,DB,-3.991
13176,"Jones, Zay",-3.994,WR,-3.991
14821,"Hasty, JaMycal",-4.004,RB,-3.991
10879,"Trevathan, Danny",-4,LB,-3.991
10277,"Houston, Justin",-4.043,LB,-4.0331
15523,"Ammendola, Matt",-4.049,PK,-4.0331
11280,"Lotulelei, Star",-4.038,DL,-4.0331
13447,"Wilson, Eric",-4.092,LB,-4.0754
13085,"Fox, Morgan",-4.063,DL,-4.0754
15382,"Onwuzurike, Levi",-4.071,DL,-4.0754
14890,"Phillips, Jacob",-4.067,LB,-4.0754
12291,"Nelson, Steven",-4.125,DB,-4.1177
12707,"Jenkins, Jordan",-4.138,DL,-4.1177
11711,"Ford, Dee",-4.105,DL,-4.1177
14809,"Smith, Rodney",-4.106,RB,-4.1177
15109,"Westbrook-Ikhine, Nick",-4.141,WR,-4.1599
12687,"Lawson, Shaq",-4.152,DL,-4.1599
14922,"Blacklock, Ross",-4.169,DL,-4.1599
15049,"Bachie, Joe",-4.178,LB,-4.1599
10379,"Skrine, Buster",-4.167,DB,-4.1599
14914,"Hajrullahu, Lirim",-4.15,PK,-4.1599
9207,"Johnson, Josh",-4.209,QB,-4.202
13205,"McKinley, Takkarist",-4.211,DL,-4.202
12676,"Henry, Hunter",-4.263,TE,-4.2438
15331,"Freiermuth, Pat",-4.255,TE,-4.2438
12716,"Mills, Jalen",-4.233,DB,-4.2438
11670,"Watkins, Sammy",-4.244,WR,-4.2438
15081,"Wharton, Tershawn",-4.25,DL,-4.2438
15390,"McNeill, Alim",-4.25,DL,-4.2438
14368,"Walter, Austin",-4.256,RB,-4.2438
10592,"Harris, Chris",-4.269,DB,-4.2853
12489,"Copeland, Brandon",-4.271,DL,-4.2853
14888,"Chaisson, K'Lavon",-4.271,DL,-4.2853
10393,"Sherman, Richard",-4.3,DB,-4.2853
15197,"Williams, Jarren",-4.3,DB,-4.2853
14885,"Zuniga, Jabari",-4.271,DL,-4.2853
15479,"Hoskins, Phil",-4.271,DL,-4.2853
10260,"Peterson, Patrick",-4.333,DB,-4.3264
11801,"Desir, Pierre",-4.318,DB,-4.3264
15472,"Roche, Quincy",-4.323,LB,-4.3264
11793,"Jones, DaQuan",-4.313,DL,-4.3264
13682,"Key, Arden",-4.313,DL,-4.3264
15379,"Tryon, Joe",-4.313,DL,-4.3264
11349,"Collins, Jamie",-4.309,LB,-4.3264
13929,"Obada, Efe",-4.338,DL,-4.3264
14083,"Homer, Travis",-4.358,RB,-4.367
12226,"Shelton, Danny",-4.355,DL,-4.367
12763,"Fackrell, Kyler",-4.355,DL,-4.367
14337,"Guyton, Jalen",-4.397,WR,-4.407
11351,"Alford, Robert",-4.423,DB,-4.407
11367,"Juszczyk, Kyle",-4.393,RB,-4.407
14905,"Henderson, CJ",-4.409,DB,-4.407
15543,"Griffith, Jonas",-4.4,LB,-4.407
13509,"Deayon, Donte",-4.389,DB,-4.407
15453,"Ogundeji, Adetokunbo",-4.405,DL,-4.407
12753,"Nassib, Carl",-4.4,DL,-4.407
13301,"Kazee, Damontae",-4.438,DB,-4.4463
14839,"Reagor, Jalen",-4.432,WR,-4.4463
14411,"Campbell, Tevaughn",-4.433,DB,-4.4463
14978,"Danna, Michael",-4.438,DL,-4.4463
11491,"Mayowa, Benson",-4.438,DL,-4.4463
13460,"Ankou, Eli",-4.438,DL,-4.4463
14676,"Phillips, Kyle",-4.438,DL,-4.4463
15134,"Lemonier, Jessie",-4.438,DL,-4.4463
11790,"Marsh, Cassius",-4.438,DL,-4.4463
15238,"Fields, Justin",-4.472,QB,-4.4849
12934,"Rogers, Chester",-4.49,WR,-4.4849
15020,"Jackson, Chris",-4.5,DB,-4.4849
14982,"Gilman, Alohi",-4.5,DB,-4.4849
13769,"Street, Kentavius",-4.5,DL,-4.4849
14932,"Lewis, Terrell",-4.491,LB,-4.4849
12758,"Bullard, Jonathan",-4.494,DL,-4.4849
15198,"Westry, Chris",-4.5,DB,-4.4849
13241,"Rosas, Aldrick",-4.477,PK,-4.4849
15651,"Davis, Javaris",-4.5,DB,-4.4849
15290,"Collins, Nico",-4.509,WR,-4.5226
13736,"Stewart, M.J.",-4.533,DB,-4.5226
15461,"Lopez, Roy",-4.538,DL,-4.5226
14405,"Granderson, Carl",-4.509,DL,-4.5226
15252,"Mills, Davis",-4.562,QB,-4.5594
12506,"Callahan, Bryce",-4.6,DB,-4.5951
11647,"Thomas, Logan",-4.582,TE,-4.5951
11886,"Williams, Damien",-4.606,RB,-4.5951
15433,"Loudermilk, Isaiahh",-4.581,DL,-4.5951
11273,"Simon, John",-4.605,DL,-4.5951
14093,"Armstead, Ryquell",-4.606,RB,-4.5951
15365,"Moehrig, Trevon",-4.625,DB,-4.6297
15389,"Robinson, Aaron",-4.625,DB,-4.6297
12356,"Ringo, Christian",-4.63,DL,-4.6297
13294,"Ebukam, Samson",-4.65,LB,-4.6631
12751,"Gotsis, Adam",-4.671,DL,-4.6631
13755,"Holmes, Jalyn",-4.652,DL,-4.6631
10793,"Hayward, Casey",-4.688,DB,-4.6952
13939,"Odum, George",-4.688,DB,-4.6952
13987,"Spillane, Robert",-4.708,LB,-4.6952
15399,"Rice, Monty",-4.7,LB,-4.6952
12948,"Okwara, Romeo",-4.688,DL,-4.6952
13952,"Luvu, Frankie",-4.733,LB,-4.7259
12841,"Weatherly, Stephen",-4.724,DL,-4.7259
11970,"Pennel, Mike",-4.716,DL,-4.7259
15621,"Fehoko, Breiden",-4.738,DL,-4.7259
12713,"Alexander, Mackensie",-4.75,DB,-4.7551
15124,"Pierre, James",-4.75,DB,-4.7551
12481,"Hewitt, Neville",-4.775,LB,-4.7832
11192,"Bell, Le'Veon",-4.777,RB,-4.7832
13313,"McKenzie, Isaiah",-4.8,WR,-4.8105
15391,"Williams, Milton",-4.813,DL,-4.8105
12272,"McKinney, Benardrick",-4.8,LB,-4.8105
11764,"Fuller, Kyle",-4.833,DB,-4.8372
13250,"King, Kevin",-4.833,DB,-4.8372
13221,"Davis, Jarrad",-4.844,LB,-4.8372
12678,"Higbee, Tyler",-4.861,TE,-4.8632
14865,"Swain, Freddie",-4.853,WR,-4.8632
14592,"Zaccheaus, Olamide",-4.873,WR,-4.8632
12316,"Davison, Tyeler",-4.861,DL,-4.8632
14898,"Davis, Raekwon",-4.861,DL,-4.8632
12744,"Ward, Jihad",-4.876,DL,-4.8886
14650,"Vizcaino, Tristan",-4.884,PK,-4.8886
9308,"Amendola, Danny",-4.915,WR,-4.9134
15484,"Cooper, Jonathon",-4.933,LB,-4.9377
15007,"Smith-Williams, James",-4.938,DL,-4.9377
15121,"Huff, Bryce",-4.938,DL,-4.9377
14206,"Hill, Trysten",-4.938,DL,-4.9377
15395,"Koonce, Malcolm",-4.938,DL,-4.9377
14827,"Taylor, J.J.",-4.956,RB,-4.9615
12635,"Williams, Jonathan",-4.956,RB,-4.9615
13228,"Hooker, Malik",-5,DB,-5.0076
14981,"Roy, Bravvion",-5,DL,-5.0076
14283,"Wilson, Donovan",-5,DB,-5.0076
14306,"Dogbe, Michael",-5.005,DL,-5.0076
11830,"Kennard, Devon",-5.009,DL,-5.0076
12271,"Goldman, Eddie",-5.015,DL,-5.0076
13735,"Turay, Kemoko",-5.015,DL,-5.0076
14414,"Owens, Jonathan",-5,DB,-5.0076
14728,"Roberson, Derick",-5,LB,-5.0076
14211,"Long, David",-5.033,DB,-5.03
11150,"Smith, Geno",-5.033,QB,-5.03
11657,"Hyde, Carlos",-5.023,RB,-5.03
13200,"Charlton, Taco",-5.038,DL,-5.03
14967,"Vildor, Kindle",-5.062,DB,-5.0521
11512,"Bouye, A.J.",-5.045,DB,-5.0521
14118,"Humphrey, Lil'Jordan",-5.05,WR,-5.0521
9075,"Jackson, DeSean",-5.074,WR,-5.0738
15203,"Lynch, Blake",-5.067,LB,-5.0738
12981,"Peko, Kyle",-5.081,DL,-5.0738
15629,"Bronson, Josiah",-5.081,DL,-5.0738
13286,"Johnson, Jaleel",-5.092,DL,-5.0952
14670,"Ekuale, Daniel",-5.105,DL,-5.0952
10789,"Gilmore, Stephon",-5.125,DB,-5.1163
15414,"Nwangwu, Kene",-5.123,RB,-5.1163
15511,"Naggar, Chris",-5.117,PK,-5.1163
15549,"Jacobs, Jerry",-5.143,DB,-5.1372
15240,"Lance, Trey",-5.136,QB,-5.1372
12712,"Hargreaves, Vernon",-5.136,DB,-5.1372
14944,"Holmes, Darnay",-5.145,DB,-5.1372
13989,"Lancaster, Tyler",-5.138,DL,-5.1372
13547,"Maulet, Art",-5.167,DB,-5.1579
13781,"Avery, Genard",-5.15,LB,-5.1579
14028,"Neal, Ryan",-5.188,DB,-5.1784
11262,"Okafor, Alex",-5.188,DL,-5.1784
11859,"Stephen, Shamar",-5.188,DL,-5.1784
14960,"Robinson, Alton",-5.188,DL,-5.1784
12696,"Nkemdiche, Robert",-5.188,DL,-5.1784
14899,"Kinlaw, Javon",-5.188,DL,-5.1784
13675,"Conklin, Tyler",-5.201,TE,-5.1988
13784,"Cruikshank, Dane",-5.192,DB,-5.1988
10350,"Wright, K.J.",-5.212,LB,-5.2191
14738,"Rush, Anthony",-5.211,DL,-5.2191
15270,"Felton, Demetric",-5.232,RB,-5.2393
12814,"Grant, Jakeem",-5.253,WR,-5.2595
9853,"Hughes, Jerry",-5.25,DL,-5.2595
13922,"Hector, Bruce",-5.271,DL,-5.2798
15319,"Palmer, Josh",-5.294,WR,-5.3
13412,"Cole, Keelan",-5.308,WR,-5.3
14122,"Slayton, Darius",-5.302,WR,-5.3
15392,"St-Juste, Benjamin",-5.3,DB,-5.3
14889,"Murray, Kenneth",-5.3,LB,-5.3
14387,"Santoso, Ryan",-5.292,PK,-5.3
15147,"Guidry, Javelin",-5.312,DB,-5.3203
12505,"Humphries, Adam",-5.319,WR,-5.3203
14169,"Wilson, Mack",-5.323,LB,-5.3203
10846,"Jackson, Malik",-5.313,DL,-5.3203
11412,"Williams, Nick",-5.313,DL,-5.3203
13236,"Everett, Gerald",-5.339,TE,-5.3408
15262,"Jefferson, Jermar",-5.335,RB,-5.3408
10313,"Dalton, Andy",-5.36,QB,-5.3613
13639,"Miller, Anthony",-5.361,WR,-5.3613
12781,"Burris, Juston",-5.389,DB,-5.3821
14212,"Takitaki, Sione",-5.4,LB,-5.4031
9919,"Peters, Corey",-5.4,DL,-5.4031
12197,"Perriman, Breshad",-5.394,WR,-5.4031
15428,"Sherwood, Jamien",-5.4,LB,-5.4031
12783,"Bush, Deon",-5.423,DB,-5.4243
12206,"Williams, Maxx",-5.422,TE,-5.4243
13448,"Butler, Adam",-5.438,DL,-5.4458
15371,"Adams, Myles",-5.438,DL,-5.4458
13941,"Stallworth, Taylor",-5.471,DL,-5.4673
13275,"Adams, Montravius",-5.494,DL,-5.4887
14220,"Ximines, Oshane",-5.494,DL,-5.4887
15446,"Slaton, Tedarrell",-5.5,DL,-5.5099
9633,"McCourty, Jason",-5.5,DB,-5.5099
15028,"Tuszka, Derrek",-5.509,DL,-5.5099
15492,"Tonga, Khyiris",-5.509,DL,-5.5099
15274,"Ragas, Trey",-5.506,RB,-5.5099
14934,"Elliott, Jordan",-5.538,DL,-5.5309
14160,"Buggs, Isaiah",-5.538,DL,-5.5309
12770,"Young, Tavon",-5.562,DB,-5.5517
15016,"Jackson, Dane",-5.562,DB,-5.5517
15040,"Williams, Ty'Son",-5.548,RB,-5.5517
15173,"Tart, Teair",-5.574,DL,-5.5724
13956,"Chandler, Sean",-5.607,DB,-5.6132
14152,"Jackson, Joe",-5.605,DL,-5.6132
12888,"Zimmer, Justin",-5.605,DL,-5.6132
9875,"Alualu, Tyson",-5.605,DL,-5.6132
13744,"Shepherd, Nathan",-5.626,DL,-5.6333
13771,"Haynes, Marquis",-5.626,DL,-5.6333
12317,"Uzomah, C.J.",-5.663,TE,-5.6533
9474,"Cook, Jared",-5.655,TE,-5.6533
13802,"Martin, Jake",-5.65,LB,-5.6533
11806,"Lawson, Nevin",-5.682,DB,-5.6731
13424,"Hill, Taysom",-5.685,QB,-5.6927
11791,"Cockrell, Ross",-5.688,DB,-5.6927
15489,"Norwood, Tre",-5.688,DB,-5.6927
12780,"Ridgeway, Hassan",-5.688,DL,-5.6927
13695,"Bryan, Taven",-5.738,DL,-5.7314
14254,"Omenihu, Charles",-5.724,DL,-5.7314
13614,"Lindsay, Phillip",-5.743,RB,-5.7506
14946,"Fotu, Leki",-5.75,DL,-5.7506
14811,"Ahmed, Salvon",-5.789,RB,-5.7884
14971,"Washington, Broderick",-5.784,DL,-5.7884
12386,"Brown, Malcolm",-5.792,RB,-5.7884
15286,"Williams, Seth",-5.794,WR,-5.7884
13631,"Washington, James",-5.807,WR,-5.8071
12227,"Davis, Carl",-5.813,DL,-5.8071
13801,"Harris, Marcell",-5.833,DB,-5.8256
14531,"Huggins, Albert",-5.827,DL,-5.8256
15361,"Horn, Jaycee",-5.833,DB,-5.8256
14948,"Walker, Mykal",-5.838,LB,-5.844
13203,"Rochell, Isaac",-5.847,DL,-5.844
15222,"Ward, Tim",-5.838,DL,-5.844
15260,"Patterson, Jaret",-5.856,RB,-5.8622
15159,"Mondeaux, Henry",-5.867,DL,-5.8622
15408,"Sample, Cameron",-5.867,DL,-5.8622
15257,"Sermon, Trey",-5.862,RB,-5.8622
13387,"Johnson, Marcus",-5.884,WR,-5.8803
11858,"Carrie, T.J.",-5.9,DB,-5.8982
12738,"Burns, Artie",-5.9,DB,-5.8982
11327,"Jefferson, Tony",-5.9,DB,-5.8982
12647,"Fuller, Will",-5.894,WR,-5.8982
14545,"Moore, Jason",-5.894,WR,-5.8982
14652,"Givens, Kevin",-5.938,DL,-5.9337
15089,"Roach, Malcolm",-5.938,DL,-5.9337
14937,"Agim, McTelvin",-5.938,DL,-5.9337
14880,"Kareem, Khalid",-5.938,DL,-5.9337
10766,"Irvin, Bruce",-5.938,DL,-5.9337
15009,"Davis, Carlos",-5.938,DL,-5.9337
9826,"Graham, Brandon",-5.938,DL,-5.9337
13691,"Hurst, Maurice",-5.938,DL,-5.9337
12002,"Westbrooks, Ethan",-5.938,DL,-5.9337
12690,"Spence, Noah",-5.938,DL,-5.9337
13013,"Hamilton, Woodrow",-5.938,DL,-5.9337
15110,"Thurman, Nick",-5.938,DL,-5.9337
15127,"Costin, Doug",-5.938,DL,-5.9337
14011,"Igwebuike, Godwin",-5.946,RB,-5.9512
10723,"Sanu, Mohamed",-5.957,WR,-5.9512
12778,"Kwiatkoski, Nick",-5.987,LB,-5.9858
14013,"Sullivan, Chandon",-6,DB,-6.0029
14979,"Strnad, Justin",-6,LB,-6.0029
15459,"Jackson, Tarron",-6,DL,-6.0029
12523,"Coleman, Justin",-6.033,DB,-6.0368
10143,"Mclendon, Steve",-6.029,DL,-6.0368
11239,"Goodwin, Marquise",-6.048,WR,-6.0535
13155,"Ross, John",-6.058,WR,-6.0535
11274,"Hunt, Margus",-6.049,DL,-6.0535
12740,"Butler, Vernon",-6.049,DL,-6.0535
14837,"Hamler, KJ",-6.061,WR,-6.0535
14302,"Scott, Nick",-6.062,DB,-6.0702
12257,"Conley, Chris",-6.094,WR,-6.0867
14879,"Epenesa, A.J.",-6.092,DL,-6.0867
13585,"Zylstra, Brandon",-6.111,WR,-6.103
14801,"Benjamin, Eno",-6.098,RB,-6.103
12636,"Smallwood, Wendell",-6.106,RB,-6.103
15440,"Taylor, Keith",-6.125,DB,-6.1193
14864,"Johnson, Tyler",-6.125,WR,-6.1193
14595,"Strong, Kevin",-6.138,DL,-6.1355
12785,"Robinson, Demarcus",-6.153,WR,-6.1515
11213,"Austin, Tavon",-6.152,WR,-6.1515
13351,"Colbert, Adrian",-6.167,DB,-6.1674
13502,"Hamilton, Justin",-6.16,DL,-6.1674
15386,"Odeyingbo, Dayo",-6.16,DL,-6.1674
12835,"Parks, Will",-6.167,DB,-6.1674
10402,"McPhee, Pernell",-6.178,LB,-6.1832
15093,"Copeland, Marquise",-6.188,DL,-6.1832
12912,"Richard, Jalen",-6.194,RB,-6.1988
11735,"Roby, Bradley",-6.214,DB,-6.2143
15407,"Fitzpatrick, Dez",-6.219,WR,-6.2143
13685,"Okoronkwo, Ogbonnia",-6.233,LB,-6.2297
15435,"Nixon, Daviyon",-6.224,DL,-6.2297
12834,"Seymour, Kevon",-6.25,DB,-6.245
14952,"Lawrence, Rashard",-6.238,DL,-6.245
11310,"Minter, Kevin",-6.267,LB,-6.2601
15413,"Rumph, Chris",-6.271,DL,-6.2751
14420,"Ingold, Alec",-6.273,RB,-6.2751
13683,"Hand, Da'Shawn",-6.271,DL,-6.2751
12773,"Moore, Chris",-6.294,WR,-6.2899
15212,"Gaziano, Joe",-6.295,DL,-6.2899
13456,"Mabin, Greg",-6.3,DB,-6.3047
15423,"Brown, Tre",-6.3,DB,-6.3047
14130,"Wesley, Antoine",-6.33,WR,-6.3337
13837,"Franklin, Zaire",-6.338,LB,-6.3337
14257,"Speed, E.J.",-6.338,LB,-6.3337
12099,"Mauro, Josh",-6.338,DL,-6.3337
15381,"Grant, Richie",-6.367,DB,-6.3622
12656,"Higgins, Rashard",-6.361,WR,-6.3622
11492,"Square, Damion",-6.382,DL,-6.3762
13189,"Engram, Evan",-6.389,TE,-6.3901
12219,"Edwards, Mario",-6.393,DL,-6.3901
15000,"Bailey, Markus",-6.4,LB,-6.4038
13148,"Ogunbowale, Dare",-6.406,RB,-6.4038
15275,"Evans, Chris",-6.398,RB,-6.4038
14925,"Uche, Josh",-6.4,LB,-6.4038
14151,"Ferrell, Clelin",-6.405,DL,-6.4038
15095,"Galeai, Tipa",-6.4,LB,-6.4038
14559,"Gustin, Porter",-6.4,LB,-6.4038
13968,"Mullens, Nick",-6.409,QB,-6.4038
13289,"Hollins, Mack",-6.425,WR,-6.4308
13895,"Sims, Cam",-6.44,WR,-6.4441
11789,"Ellis, Justin",-6.438,DL,-6.4441
12288,"Anderson, Henry",-6.438,DL,-6.4441
15601,"Merrill, Forrest",-6.438,DL,-6.4441
13328,"Taylor, Vincent",-6.438,DL,-6.4441
14315,"Dulin, Ashton",-6.464,WR,-6.4702
12330,"O'Shaughnessy, James",-6.482,TE,-6.483
11890,"Wilson, Albert",-6.497,WR,-6.4956
12248,"Waynes, Trae",-6.5,DB,-6.4956
6254,"Peterson, Kevin",-6.5,DB,-6.4956
15536,"Bootle, DiCaprio",-6.5,DB,-6.4956
14252,"Jackson, Michael",-6.5,DB,-6.4956
14867,"Kmet, Cole",-6.657,TE,-6.5081
13192,"Njoku, David",-6.715,TE,-6.5081
12677,"Hooper, Austin",-7.515,TE,-6.5081
12616,"Brissett, Jacoby",-9.078,QB,-6.5081
14239,"Moreau, Foster",-8.726,TE,-6.5081
13880,"Arnold, Dan",-6.665,TE,-6.5081
11516,"Doyle, Jack",-8.863,TE,-6.5081
14873,"Okwuegbunam, Albert",-7.759,TE,-6.5081
12110,"Brate, Cameron",-8.976,TE,-6.5081
13246,"Alie-Cox, Mo",-9.001,TE,-6.5081
13382,"Seals-Jones, Ricky",-8.367,TE,-6.5081
12378,"Swaim, Geoff",-9.095,TE,-6.5081
13193,"Smith, Jonnu",-9.222,TE,-6.5081
13919,"Firkser, Anthony",-9.003,TE,-6.5081
11399,"Griffin, Ryan",-9.015,TE,-6.5081
13676,"Smythe, Durham",-9.632,TE,-6.5081
13680,"Hurst, Hayden",-8.615,TE,-6.5081
14875,"Bryant, Harrison",-9.655,TE,-6.5081
14341,"Parham, Donald",-9.468,TE,-6.5081
15396,"Deablo, Divine",-6.875,DB,-6.5081
12464,"Byrd, Damiere",-6.682,WR,-6.5081
15330,"Jordan, Brevin",-6.707,TE,-6.5081
14870,"Trautman, Adam",-9.057,TE,-6.5081
15452,"Hufanga, Talanoa",-6.571,DB,-6.5081
14860,"Jennings, Jauan",-6.541,WR,-6.5081
10312,"Rudolph, Kyle",-10.082,TE,-6.5081
15418,"Bynum, Camryn",-6.643,DB,-6.5081
15430,"Sterns, Caden",-6.643,DB,-6.5081
15332,"Tremble, Tommy",-10.307,TE,-6.5081
13427,"Tonyan, Robert",-7.382,TE,-6.5081
13763,"Dissly, Will",-10.342,TE,-6.5081
12976,"Hamilton, Antonio",-7.375,DB,-6.5081
15406,"Hall, Darren",-6.654,DB,-6.5081
15344,"Bates, John",-10.595,TE,-6.5081
12309,"Pruitt, MyCole",-10.651,TE,-6.5081
12657,"Sharpe, Tajae",-6.765,WR,-6.5081
13778,"Flowers, Tre",-7.3,DB,-6.5081
15160,"Black, Henry",-7.5,DB,-6.5081
15454,"Williams, Avery",-7.129,DB,-6.5081
9925,"Graham, Jimmy",-10.318,TE,-6.5081
14876,"Deguara, Josiah",-10.622,TE,-6.5081
14861,"Johnson, Juwan",-10.19,TE,-6.5081
9921,"Roberts, Andre",-7.191,WR,-6.5081
13811,"Smith, Tremon",-7.688,DB,-6.5081
13669,"Turner, Malik",-6.74,WR,-6.5081
8269,"Lewis, Marcedes",-10.907,TE,-6.5081
14154,"Nelson, Anthony",-6.65,LB,-6.5081
14954,"Hawkins, Jaylinn",-7.115,DB,-6.5081
11152,"Glennon, Mike",-8.972,QB,-6.5081
13753,"Akins, Jordan",-10.32,TE,-6.5081
9899,"McCoy, Colt",-10.876,QB,-6.5081
15403,"Thomas, Ambry",-6.582,DB,-6.5081
15352,"Collins, Zaven",-6.712,LB,-6.5081
14201,"Williams, Joejuan",-6.682,DB,-6.5081
15078,"Claybrooks, Chris",-7.724,DB,-6.5081
12998,"Adams, Andrew",-7.346,DB,-6.5081
15296,"Schwartz, Anthony",-7.082,WR,-6.5081
13162,"Ford, Isaiah",-6.852,WR,-6.5081
10749,"Ingram, Melvin",-6.543,LB,-6.5081
15420,"Rochell, Robert",-6.864,DB,-6.5081
15183,"Hinton, Kendall",-13.64,QB,-6.5081
14043,"Leavitt, Dallin",-7.86,DB,-6.5081
13994,"Brown, Pharaoh",-10.889,TE,-6.5081
12859,"Anderson, Stephen",-11.276,TE,-6.5081
13918,"Johnson, Danny",-7.333,DB,-6.5081
13926,"Board, Chris",-6.867,LB,-6.5081
14286,"Boyd, Kris",-7.967,DB,-6.5081
14893,"Baun, Zack",-7.025,LB,-6.5081
14958,"Quarterman, Shaquille",-7.025,LB,-6.5081
15364,"Cisco, Andre",-8.125,DB,-6.5081
15521,"Ogbongbemiga, Amen",-6.686,LB,-6.5081
12212,"Kroft, Tyler",-8.957,TE,-6.5081
14379,"Woods, Josh",-6.554,LB,-6.5081
15010,"Toohill, Casey",-6.933,LB,-6.5081
15443,"Wallow, Garret",-7.088,LB,-6.5081
14848,"Proche, James",-7.561,WR,-6.5081
13678,"Thomas, Ian",-11.382,TE,-6.5081
11803,"Johnson, Dontae",-8.1,DB,-6.5081
13750,"Burks, Oren",-7.15,LB,-6.5081
13239,"Penny, Elijhaa",-6.762,RB,-6.5081
14467,"Phillips, Del'Shawn",-7.212,LB,-6.5081
13617,"Freeman, Royce",-6.535,RB,-6.5081
13172,"Brown, Noah",-7.327,WR,-6.5081
13087,"Neasman, Sharrod",-7.409,DB,-6.5081
13864,"Ward, Greg",-8.07,WR,-6.5081
13188,"Howard, O.J.",-11.588,TE,-6.5081
14024,"Delaney, Dee",-8.143,DB,-6.5081
14057,"Lock, Drew",-9.709,QB,-6.5081
15308,"Marshall, Terrace",-7.671,WR,-6.5081
11695,"Ebron, Eric",-9.62,TE,-6.5081
14555,"Olszewski, Gunner",-8.047,WR,-6.5081
12326,"Mayo, David",-7.267,LB,-6.5081
14957,"Robertson, Amik",-7.3,DB,-6.5081
14963,"Thomas, Daniel",-8.367,DB,-6.5081
15229,"Green, A.J.",-7.591,DB,-6.5081
12923,"Ham, C.J.",-7.056,RB,-6.5081
13722,"Jarwin, Blake",-9.253,TE,-6.5081
13923,"Adeniyi, Ola",-7.333,LB,-6.5081
14178,"Baker, Deandre",-7.056,DB,-6.5081
13963,"Hodge, KhaDarel",-8.147,WR,-6.5081
12261,"Montgomery, Ty",-6.654,RB,-6.5081
13873,"Boyle, Tim",-8.679,QB,-6.5081
10294,"Smith, Jimmy",-7.167,DB,-6.5081
15019,"Garvin, Jonathan",-7.4,LB,-6.5081
13790,"Phillips, Darius",-8.007,DB,-6.5081
15302,"Eskridge, D'Wayne",-6.87,WR,-6.5081
14101,"Harry, N'Keal",-7.521,WR,-6.5081
13220,"Riley, Duke",-7.467,LB,-6.5081
14891,"Harrison, Malik",-7.169,LB,-6.5081
15191,"Price, Bobby",-8.45,DB,-6.5081
15491,"Skowronek, Ben",-8.009,WR,-6.5081
15292,"Brown, Dyami",-8.187,WR,-6.5081
11537,"Melvin, Rashaan",-7.389,DB,-6.5081
13888,"Gardeck, Dennis",-7.246,LB,-6.5081
14240,"Gentry, Zach",-11.944,TE,-6.5081
11312,"Trufant, Desmond",-7.5,DB,-6.5081
11724,"Jones, Christian",-7.712,LB,-6.5081
12906,"Wilson, Jarrod",-7.5,DB,-6.5081
15445,"Lenoir, Deommodore",-8.423,DB,-6.5081
15321,"Darden, Jaelon",-6.842,WR,-6.5081
12680,"Vannett, Nick",-9.299,TE,-6.5081
13124,"Rush, Cooper",-9.769,QB,-6.5081
13158,"Westbrook, Dede",-8.34,WR,-6.5081
14303,"Elliss, Kaden",-7.317,LB,-6.5081
15003,"Stone, Geno",-8.714,DB,-6.5081
15117,"Flannigan-Fowles, Demetrius",-7.838,LB,-6.5081
14810,"Vaughn, Ke'Shawn",-6.738,RB,-6.5081
13779,"Kiser, Micah",-7,LB,-6.5081
13833,"Howard, Travin",-7.218,LB,-6.5081
13914,"Herndon, Tre",-7.833,DB,-6.5081
14702,"Teamer, Roderic",-7.833,DB,-6.5081
13893,"Sherfield, Trent",-8.731,WR,-6.5081
13254,"Shaheen, Adam",-11.591,TE,-6.5081
13785,"Neal, Siran",-9.062,DB,-6.5081
14217,"Barton, Cody",-7.867,LB,-6.5081
15363,"Melifonwu, Ifeatu",-6.667,DB,-6.5081
14671,"Moore, C.J.",-9.075,DB,-6.5081
15626,"Wright, Brock",-11.171,TE,-6.5081
12747,"Green, T.J.",-7.357,DB,-6.5081
12964,"Scarlett, Brennan",-7.567,LB,-6.5081
13305,"Hairston, Nate",-9.125,DB,-6.5081
13329,"Vallejo, Tanner",-7.2,LB,-6.5081
14502,"Marshall, Trey",-8.808,DB,-6.5081
15018,"Russell, Chapelle",-8.025,LB,-6.5081
11761,"McKinnon, Jerick",-7.181,RB,-6.5081
15070,"Fortson, Jody",-10.065,TE,-6.5081
15419,"Granson, Kylen",-12.332,TE,-6.5081
10398,"Smith, Lee",-12.249,TE,-6.5081
14853,"Johnson, Collin",-8.239,WR,-6.5081
14846,"Mims, Denzel",-8.064,WR,-6.5081
14264,"Johnson, Jaquan",-9.188,DB,-6.5081
13455,"Ricard, Patrick",-7.414,RB,-6.5081
12913,"Erickson, Alex",-8.918,WR,-6.5081
14499,"Benson, Trinity",-7.656,WR,-6.5081
13694,"Settle, Tim",-6.605,DL,-6.5081
14271,"Crawford, Xavier",-8.962,DB,-6.5081
14961,"Robinson, Kenny",-8.5,DB,-6.5081
14989,"Penisini, John",-6.605,DL,-6.5081
15148,"Franklin, Sam",-9.167,DB,-6.5081
14828,"Jones, Tony",-7.016,RB,-6.5081
15297,"Rodgers, Amari",-8.875,WR,-6.5081
13878,"Board, C.J.",-6.937,WR,-6.5081
14294,"Sweeney, Tommy",-12.19,TE,-6.5081
13595,"Rudolph, Mason",-6.599,QB,-6.5081
14067,"Minshew, Gardner",-9.882,QB,-6.5081
12211,"James, Jesse",-12.205,TE,-6.5081
15272,"Rountree, Larry",-7.536,RB,-6.5081
12955,"Manhertz, Chris",-12.488,TE,-6.5081
12361,"Nunez-Roches, Rakeem",-6.671,DL,-6.5081
12525,"Thomas, Joe",-6.686,LB,-6.5081
14401,"Eguavoen, Sam",-8.212,LB,-6.5081
15456,"Niemann, Nick",-8.212,LB,-6.5081
11227,"Stills, Kenny",-8.74,WR,-6.5081
13510,"Mickens, Jaydon",-8.479,WR,-6.5081
12213,"Bell, Blake",-12.435,TE,-6.5081
13315,"Saubert, Eric",-12.513,TE,-6.5081
12660,"Cooper, Pharoh",-7.905,WR,-6.5081
12188,"Dorsett, Phillip",-6.594,WR,-6.5081
14202,"Blair, Marquise",-7.5,DB,-6.5081
14272,"Austin, Blessuan",-8.864,DB,-6.5081
14472,"Dodson, Tyrel",-8.2,LB,-6.5081
14478,"Vaughters, James",-7.764,LB,-6.5081
14561,"Smith, Jeff",-8.558,WR,-6.5081
14807,"Kelley, Joshua",-7.206,RB,-6.5081
14959,"Reid, John",-8.864,DB,-6.5081
15141,"Gill, Cam",-7.9,LB,-6.5081
15597,"Dunn, Isaiah",-8.5,DB,-6.5081
13416,"Walker, P.J.",-13.326,QB,-6.5081
14565,"Spencer, Diontae",-9.012,WR,-6.5081
13136,"Clement, Corey",-7.915,RB,-6.5081
14146,"Sample, Drew",-12.601,TE,-6.5081
12040,"Smith, Keith",-7.932,RB,-6.5081
11814,"Allen, Ricardo",-9.192,DB,-6.5081
13766,"Watts, Armani",-9.367,DB,-6.5081
14506,"Pittman, Anthony",-8.338,LB,-6.5081
15298,"Smith, Shi",-7.391,WR,-6.5081
15337,"Gray, Noah",-12.575,TE,-6.5081
13637,"St. Brown, Equanimeous",-8.818,WR,-6.5081
15326,"Milne, Dax",-8.827,WR,-6.5081
10948,"Keenum, Case",-13.599,QB,-6.5081
13391,"Hollister, Jacob",-10.999,TE,-6.5081
14752,"Horsted, Jesper",-11.382,TE,-6.5081
10808,"Wilson, Tavon",-8.5,DB,-6.5081
11330,"Williams, Shawn",-7.3,DB,-6.5081
15417,"McPhearson, Zech",-9.433,DB,-6.5081
15429,"Graham, Ta'Quon",-6.605,DL,-6.5081
15448,"Pinnock, Jason",-9.045,DB,-6.5081
14782,"Love, Jordan",-13.113,QB,-6.5081
13910,"Powell, Brandon",-7.032,WR,-6.5081
12325,"Burton, Michael",-7.984,RB,-6.5081
12990,"Farley, Matthias",-9.547,DB,-6.5081
13988,"Dwelley, Ross",-12.738,TE,-6.5081
12851,"Matakevich, Tyler",-8.462,LB,-6.5081
13343,"Odenigbo, Ifeadi",-7.525,LB,-6.5081
13353,"Lee, Elijah",-8.4,LB,-6.5081
13965,"Tupou, Josh",-7,DL,-6.5081
14209,"Oliver, Josh",-12.567,TE,-6.5081
13445,"Auclair, Antony",-12.727,TE,-6.5081
10960,"Gordon, Josh",-8.903,WR,-6.5081
10983,"Hogan, Chris",-7.374,WR,-6.5081
11498,"Addae, Jahleel",-8.75,DB,-6.5081
11776,"Brooks, Terrence",-9.1,DB,-6.5081
13259,"Tabor, Teez",-7,DB,-6.5081
13679,"Herndon, Chris",-12.807,TE,-6.5081
14669,"Nixon, Keisean",-9.227,DB,-6.5081
15383,"Joseph, Kelvin",-8.944,DB,-6.5081
13906,"Cabinda, Jason",-8.407,LB,-6.5081
14126,"Williams, Preston",-8.469,WR,-6.5081
13135,"Gallman, Wayne",-7.635,RB,-6.5081
13912,"Batson, Cameron",-6.844,WR,-6.5081
10874,"Bethel, Justin",-9.688,DB,-6.5081
13423,"Cole, Dylan",-7.775,LB,-6.5081
13754,"Yiadom, Isaac",-9.633,DB,-6.5081
14683,"Jones, Chris",-8.643,DB,-6.5081
14988,"Bradley, Shaun",-8.471,LB,-6.5081
15062,"Ray, Wyatt",-8.471,LB,-6.5081
15140,"Lewis, Cam",-8.333,DB,-6.5081
15204,"Reed, J.R.",-8.875,DB,-6.5081
15460,"Bohanna, Quinton",-7.009,DL,-6.5081
13234,"Mack, Marlon",-6.856,RB,-6.5081
13642,"Tate, Auden",-8.351,WR,-6.5081
14316,"Hart, Penny",-9.388,WR,-6.5081
14097,"Ollison, Qadree",-7.177,RB,-6.5081
13338,"Wilson, Brandon",-9.086,DB,-6.5081
15097,"McKeon, Sean",-12.095,TE,-6.5081
15335,"Farrell, Luke",-12.782,TE,-6.5081
12806,"Janovich, Andy",-7.967,RB,-6.5081
12141,"Mariota, Marcus",-14.911,QB,-6.5081
9714,"Hoyer, Brian",-13.833,QB,-6.5081
11543,"Heath, Jeff",-9.7,DB,-6.5081
12760,"Worley, Daryl",-7.5,DB,-6.5081
12776,"Killebrew, Miles",-9.75,DB,-6.5081
14155,"Collier, L.J.",-6.738,DL,-6.5081
14200,"Tavai, Jahlani",-8.4,LB,-6.5081
15401,"Wright, Nahshon",-9.5,DB,-6.5081
15481,"Johnson, Patrick",-7.188,DL,-6.5081
15490,"Toney, Shaka",-6.605,DL,-6.5081
15633,"Elliott, Jalen",-8.5,DB,-6.5081
15434,"Smith-Marsette, Ihmir",-8.51,WR,-6.5081
15317,"Stevenson, Marquez",-7.884,WR,-6.5081
10778,"Kirkpatrick, Dre",-8.667,DB,-6.5081
13407,"Borders, Breon",-9.5,DB,-6.5081
13783,"Harris, Davontae",-8.929,DB,-6.5081
14292,"Summers, Ty",-8.614,LB,-6.5081
14950,"Wallace, K'Von",-9.583,DB,-6.5081
14975,"Murchison, Larrell",-6.838,DL,-6.5081
15011,"Johnston, Clay",-8.483,LB,-6.5081
15131,"Moffatt, Jovante",-8.3,DB,-6.5081
15398,"Jones, Patrick",-6.563,DL,-6.5081
15578,"Johnson, Raymond",-6.716,DL,-6.5081
15612,"Kamara, Sam",-7.829,LB,-6.5081
14072,"Snell, Benny",-8.325,RB,-6.5081
15620,"Myarick, Chris",-12.153,TE,-6.5081
15333,"McKitty, Tre'",-12.632,TE,-6.5081
14503,"Kennedy, Tom",-9.322,WR,-6.5081
15206,"Bradley, Ja'Marcus",-7.594,WR,-6.5081
12675,"Thomas, Mike",-9.267,WR,-6.5081
14984,"Woerner, Charlie",-13.045,TE,-6.5081
14998,"Patmon, Dezmon",-8.932,WR,-6.5081
13326,"Armah, Alexander",-8.093,RB,-6.5081
11460,"McCray, Lerentee",-7.105,DL,-6.5081
12379,"Roberts, Darryl",-8.5,DB,-6.5081
12803,"Christian, Marqui",-9.875,DB,-6.5081
12854,"Walker, Joe",-8.491,LB,-6.5081
13302,"Elder, Corn",-8,DB,-6.5081
13537,"Bower, Tashawn",-7.733,LB,-6.5081
13841,"Crossen, Keion",-9.833,DB,-6.5081
14037,"Davis, Jalen",-9.833,DB,-6.5081
14215,"Saunders, Khalen",-6.688,DL,-6.5081
14279,"Gilbert, Ulysees",-8.775,LB,-6.5081
14398,"Parker, Steven",-8.833,DB,-6.5081
15360,"Farley, Caleb",-8,DB,-6.5081
15632,"Gilbert, Mark",-8.833,DB,-6.5081
15265,"Hill, Kylin",-7.772,RB,-6.5081
13157,"Samuel, Curtis",-8.234,WR,-6.5081
14851,"Hill, K.J.",-8.602,WR,-6.5081
15564,"Hesse, Parker",-12.132,TE,-6.5081
13816,"Cannon, Trenton",-8.236,RB,-6.5081
14267,"Winfree, Juwann",-8.661,WR,-6.5081
15615,"Stanton, Johnny",-6.706,RB,-6.5081
15277,"Jackson, Deon",-7.995,RB,-6.5081
10981,"Levine, Anthony",-9.938,DB,-6.5081
11613,"Thomas, Michael",-9.214,DB,-6.5081
12829,"Canady, Maurice",-9.214,DB,-6.5081
13310,"Lee, Marquel",-8.582,LB,-6.5081
13780,"Allen, Marcus",-9.9,DB,-6.5081
14216,"Ferguson, Jaylon",-8.4,LB,-6.5081
14307,"Allen, Dakota",-8.708,LB,-6.5081
15023,"Williamson, Chris",-8.7,DB,-6.5081
15130,"Hughes, Juju",-9.214,DB,-6.5081
15561,"Jones, Jamir",-8.708,LB,-6.5081
15042,"Ward, Jonathan",-8.258,RB,-6.5081
13879,"Allen, Kyle",-11.839,QB,-6.5081
13115,"Trubisky, Mitchell",-14.525,QB,-6.5081
14359,"Johnson, Jakob",-8.461,RB,-6.5081
14280,"Miller, Scott",-9.135,WR,-6.5081
11337,"Fells, Darren",-12.644,TE,-6.5081
15589,"White, Cody",-9.601,WR,-6.5081
11517,"McDougald, Bradley",-7.833,DB,-6.5081
11993,"Kerr, Zach",-6.795,DL,-6.5081
14183,"Thompson, Deionte",-10,DB,-6.5081
14906,"Arnette, Damon",-8.5,DB,-6.5081
14919,"Igbinoghene, Noah",-9.5,DB,-6.5081
15411,"Smith, Elerson",-6.938,DL,-6.5081
15565,"Hoecht, Michael",-7.405,DL,-6.5081
15568,"Chachere, Andre",-9.885,DB,-6.5081
13546,"Griffin, Garrett",-13.074,TE,-6.5081
11951,"Snead, Willie",-9.327,WR,-6.5081
11854,"Gilbert, Garrett",-8.529,QB,-6.5081
13868,"Boone, Mike",-7.906,RB,-6.5081
14357,"Blanton, Kendall",-12.719,TE,-6.5081
14108,"Dortch, Greg",-8.306,WR,-6.5081
14996,"Davis, Tyler",-13.105,TE,-6.5081
15529,"Winston, Easop",-7.711,WR,-6.5081
13851,"Hollister, Cody",-7.761,WR,-6.5081
14117,"Johnson, Tyron",-9.407,WR,-6.5081
11000,"Stanford, Julian",-8.962,LB,-6.5081
13100,"Woods, Antwaun",-6.938,DL,-6.5081
13701,"O'Daniel, Dorian",-8.962,LB,-6.5081
14176,"Winovich, Chase",-8.817,LB,-6.5081
14214,"Layne, Justin",-10.062,DB,-6.5081
14230,"Redwine, Sheldrick",-9.333,DB,-6.5081
14495,"Gifford, Luke",-8.933,LB,-6.5081
14579,"Orr, Kareem",-8.75,DB,-6.5081
15209,"Chesley, Anthony",-9.5,DB,-6.5081
15449,"Britt, K.J.",-8.962,LB,-6.5081
15498,"Stuard, Grant",-8.962,LB,-6.5081
15622,"Robinson, Curtis",-7.067,LB,-6.5081
11448,"Harris, Demetrius",-13.198,TE,-6.5081
14486,"Montgomery, D.J.",-7.994,WR,-6.5081
14231,"Wesco, Trevon",-13.14,TE,-6.5081
14342,"Blake, Christian",-9.73,WR,-6.5081
12845,"Washington, Dwayne",-8.508,RB,-6.5081
13503,"Kemp, Marcus",-9.767,WR,-6.5081
13621,"Ballage, Kalen",-8.606,RB,-6.5081
15604,"Zylstra, Shane",-12.082,TE,-6.5081
14142,"Smith, Kaden",-12.982,TE,-6.5081
15541,"Stoll, Jack",-13.294,TE,-6.5081
15544,"Hudson, Tommy",-12.462,TE,-6.5081
10280,"Kerrigan, Ryan",-7.538,DL,-6.5081
11805,"Pierre-Louis, Kevin",-8.65,LB,-6.5081
12327,"Smith, Tye",-9,DB,-6.5081
13327,"Evans, Jordan",-8.4,LB,-6.5081
13553,"McTyer, Torry",-9,DB,-6.5081
14228,"Sheffield, Kendall",-9.75,DB,-6.5081
14452,"Lammons, Chris",-10,DB,-6.5081
14953,"Dye, Troy",-9.025,LB,-6.5081
15063,"Harris, De'Jon",-7.9,LB,-6.5081
15469,"Hamlin, Damar",-10.038,DB,-6.5081
15471,"Breeze, Brady",-9.75,DB,-6.5081
15555,"Mintze, Andre",-8.4,LB,-6.5081
15559,"Williams, Jonah",-7.188,DL,-6.5081
15580,"Patrick, Aaron",-7.393,DL,-6.5081
14107,"Arcega-Whiteside, JJ",-9.821,WR,-6.5081
15103,"Gilliam, Reggie",-13.309,TE,-6.5081
15339,"Yeboah, Kenny",-12.982,TE,-6.5081
15096,"Nabers, Gabe",-8.456,RB,-6.5081
15285,"Wallace, Tylan",-9.852,WR,-6.5081
14533,"Taylor, Malik",-9.663,WR,-6.5081
15301,"Atwell, Tutu",-9.53,WR,-6.5081
13613,"Samuels, Jaylen",-7.239,RB,-6.5081
14871,"Parkinson, Colby",-13.275,TE,-6.5081
14612,"Laird, Patrick",-8.156,RB,-6.5081
14551,"Irwin, Trenton",-9.184,WR,-6.5081
11511,"Bates, Daren",-8.567,LB,-6.5081
11807,"Urban, Brent",-7.105,DL,-6.5081
12494,"Dzubnar, Nick",-9.088,LB,-6.5081
12717,"Joseph, Karl",-8,DB,-6.5081
13942,"Gray, J.T.",-10.167,DB,-6.5081
13954,"Finch, Sharif",-8.15,LB,-6.5081
13955,"Moore, A.J.",-10.045,DB,-6.5081
14955,"Scott, Josiah",-10.083,DB,-6.5081
14966,"Hudson, Khaleke",-8.983,LB,-6.5081
15155,"Mayden, Jared",-8.833,DB,-6.5081
15176,"Whittaker, Jace",-8,DB,-6.5081
15547,"Hall, Kemon",-10.143,DB,-6.5081
15608,"Hamilton, La'Darius",-8.15,LB,-6.5081
12585,"Brown, Daniel",-13.274,TE,-6.5081
12177,"White, Kevin",-9.394,WR,-6.5081
13882,"Kirkwood, Keith",-7.844,WR,-6.5081
12823,"Watt, Derek",-8.719,RB,-6.5081
15478,"Strachan, Mike",-9.427,WR,-6.5081
14804,"McFarland, Anthony",-6.711,RB,-6.5081
14781,"Fromm, Jake",-14.049,QB,-6.5081
14808,"Evans, Darrynton",-6.851,RB,-6.5081
14824,"Phillips, Scottie",-7.956,RB,-6.5081
12621,"Allen, Brandon",-15.465,QB,-6.5081
13194,"Sprinkle, Jeremy",-13.426,TE,-6.5081
13316,"Taylor, Trent",-8.831,WR,-6.5081
12544,"Everett, Deshazor",-10.214,DB,-6.5081
12719,"Thompson, Darian",-9.7,DB,-6.5081
12790,"Robinson, Rashard",-9.929,DB,-6.5081
13397,"Nacua, Kai",-8.5,DB,-6.5081
13444,"Munson, Calvin",-8.956,LB,-6.5081
13708,"Jackson, Josh",-8.5,DB,-6.5081
13930,"Turner, Zeke",-8.6,LB,-6.5081
14012,"Ford, Mike",-10.167,DB,-6.5081
14238,"Cominsky, John",-6.938,DL,-6.5081
14251,"Cashman, Blake",-8.067,LB,-6.5081
14535,"Bledsoe, Amani",-7.138,DL,-6.5081
14627,"Bryant, Brandin",-6.605,DL,-6.5081
14713,"Jackson, Robert",-9.167,DB,-6.5081
14886,"Anae, Bradlee",-6.938,DL,-6.5081
14942,"Burgess, Terrell",-10.233,DB,-6.5081
15002,"Coughlin, Carter",-8.829,LB,-6.5081
15151,"Welch, Kristian",-9.133,LB,-6.5081
15246,"Book, Ian",-12.289,QB,-6.5081
15367,"Nasirildeen, Hamsah",-9.036,LB,-6.5081
15442,"LeCounte, Richard",-10.056,DB,-6.5081
15451,"Jean-Charles, Shemar",-10.192,DB,-6.5081
15458,"Tuipulotu, Marlon",-7.138,DL,-6.5081
15486,"Webb, Mark",-9.929,DB,-6.5081
15560,"Moa, David",-7.138,DL,-6.5081
15573,"Kamara, Azur",-8.956,LB,-6.5081
15592,"Rivers, Chauncey",-7.4,LB,-6.5081
13529,"Natson, JoJo",-8.874,WR,-6.5081
15650,"Prentice, Adam",-8.373,RB,-6.5081
14110,"Sills, David",-8.961,WR,-6.5081
13369,"Carter, Cethan",-13.442,TE,-6.5081
14435,"Bonnafon, Reggie",-7.806,RB,-6.5081
14817,"Taylor, Patrick",-8.556,RB,-6.5081
12391,"Williams, Tyrell",-6.794,WR,-6.5081
15291,"Newsome, Dazz",-8.494,WR,-6.5081
10940,"Carrier, Derek",-12.857,TE,-6.5081
9073,"Henne, Chad",-15.469,QB,-6.5081
14121,"Isabella, Andy",-9.733,WR,-6.5081
10354,"Stocker, Luke",-13.391,TE,-6.5081
15480,"Funk, Jake",-8.657,RB,-6.5081
14806,"Perine, Lamical",-8.231,RB,-6.5081
11725,"Attaochu, Jeremiah",-8.8,LB,-6.5081
12775,"Smith, Ryan",-9.75,DB,-6.5081
13264,"Jones, Josh",-10.167,DB,-6.5081
13365,"O'Connor, Pat",-7.707,DL,-6.5081
13392,"Adams, Tyrell",-8.971,LB,-6.5081
13758,"Iyiegbuniwe, Joel",-9.1,LB,-6.5081
13836,"Smith, Andre",-9.186,LB,-6.5081
13838,"Bawden, Nick",-8.577,RB,-6.5081
14204,"Banogu, Ben",-7.605,DL,-6.5081
14275,"Egbule, Emeke",-6.938,DL,-6.5081
14421,"Harris, Trent",-7.188,DL,-6.5081
14494,"Dowell, Andrew",-9.2,LB,-6.5081
14519,"Kunaszyk, Jordan",-9.127,LB,-6.5081
15466,"Marshall, Jonathan",-7.188,DL,-6.5081
15538,"Rhattigan, Jon",-9.186,LB,-6.5081
14263,"Ballentine, Corey",-9.795,DB,-6.5081
14363,"Rader, Kevin",-13.122,TE,-6.5081
14640,"Wolf, Ethan",-10.882,TE,-6.5081
14553,"Davis, Davion",-8.844,WR,-6.5081
15635,"Koski, J.J.",-9.66,WR,-6.5081
15671,"Bandy, Michael",-7.554,WR,-6.5081
12921,"Lewis, Tommylee",-8.899,WR,-6.5081
15304,"Darby, Frank",-9.954,WR,-6.5081
11177,"Barner, Kenjon",-7.831,RB,-6.5081
12443,"Kumerow, Jake",-10.03,WR,-6.5081
15046,"Merritt, Kirk",-9.044,WR,-6.5081
13916,"Howell, Buddy",-8.77,RB,-6.5081
10262,"Gabbert, Blaine",-15.873,QB,-6.5081
15060,"Streveler, Chris",-15.269,QB,-6.5081
11742,"Joyner, Lamarcus",-8.5,DB,-6.5081
12301,"Smith, Za'Darius",-7.271,DL,-6.5081
12417,"Lambo, Josh",-8.15,PK,-6.5081
12447,"Mostert, Raheem",-7.006,RB,-6.5081
12850,"Fejedelem, Clayton",-10.375,DB,-6.5081
12957,"Crawley, Ken",-10.1,DB,-6.5081
13446,"Nickerson, Hardy",-8.733,LB,-6.5081
13505,"Hall, Marvin",-8.194,WR,-6.5081
13559,"Malveaux, Cameron",-8.733,LB,-6.5081
13786,"Brown, Andrew",-6.938,DL,-6.5081
13799,"Fitts, Kylie",-9.067,LB,-6.5081
13826,"Adams, Matthew",-9.275,LB,-6.5081
14377,"Anderson, Abdullah",-6.938,DL,-6.5081
14441,"Strachan, Connor",-7.4,LB,-6.5081
15079,"Bassey, Essang",-9.5,DB,-6.5081
15094,"Locke, P.J.",-10.367,DB,-6.5081
15217,"Berry, Rashod",-12.682,TE,-6.5081
15347,"Weaver, Rashad",-6.938,DL,-6.5081
15410,"Cox, Jabril",-9.114,LB,-6.5081
15426,"Gillespie, Tyree",-10.3,DB,-6.5081
15462,"Brightwell, Gary",-8.852,RB,-6.5081
15465,"Williams, Rodarius",-10.1,DB,-6.5081
15585,"Williams, Chris",-7.538,DL,-6.5081
15647,"Archibong, Daniel",-6.938,DL,-6.5081
14131,"Morgan, Stanley",-10.072,WR,-6.5081
11532,"Banjo, Chris",-10.372,DB,-6.5081
13940,"Mundt, Johnny",-13.365,TE,-6.5081
14868,"Hopkins, Brycen",-13.302,TE,-6.5081
13849,"Nall, Ryan",-8.806,RB,-6.5081
15214,"Dafney, Dominique",-13.482,TE,-6.5081
15313,"McMath, Racey",-9.969,WR,-6.5081
15334,"Long, Hunter",-13.425,TE,-6.5081
13065,"Tomlinson, Eric",-13.576,TE,-6.5081
13348,"Moore, David",-9.644,WR,-6.5081
14125,"Boykin, Miles",-9.965,WR,-6.5081
15266,"Williams, Pooka",-7.446,RB,-6.5081
13125,"Beathard, C.J.",-15.529,QB,-6.5081
13662,"Coutee, Keke",-9.444,WR,-6.5081
10368,"Jones, Taiwan",-8.917,RB,-6.5081
10514,"Bellore, Nick",-8.919,RB,-6.5081
14096,"Ozigbo, Devine",-8.539,RB,-6.5081
10737,"Benjamin, Travis",-10.042,WR,-6.5081
13619,"Kelly, John",-8.681,RB,-6.5081
14076,"Williams, Trayveon",-8.681,RB,-6.5081
12328,"Boyle, Nick",-13.442,TE,-6.5081
14917,"Patrick, Jacques",-8.406,RB,-6.5081
10320,"Sheard, Jabaal",-6.938,DL,-6.5081
11282,"Spence, Akeem",-6.938,DL,-6.5081
11966,"Parkey, Cody",-7.817,PK,-6.5081
12428,"Williams, Xavier",-6.938,DL,-6.5081
12699,"Billings, Andrew",-7.771,DL,-6.5081
13285,"Biegel, Vince",-9.2,LB,-6.5081
13388,"Langi, Harvey",-9.257,LB,-6.5081
13396,"Daniels, Darrell",-13.611,TE,-6.5081
13543,"Jones, Joseph",-9.289,LB,-6.5081
13686,"Lawler, Justin",-9.067,LB,-6.5081
13857,"Yelder, Deon",-13.432,TE,-6.5081
13862,"Cracraft, River",-9.994,WR,-6.5081
14482,"Dawkins, Noah",-8.9,LB,-6.5081
14995,"Metellus, Josh",-10.433,DB,-6.5081
15004,"Thomas-Oliver, Stantley",-10.409,DB,-6.5081
15126,"Bernard, Francis",-9.275,LB,-6.5081
15359,"Tufele, Jay",-7.688,DL,-6.5081
15412,"Brown, Bobby",-7.827,DL,-6.5081
15436,"Wade, Shaun",-10.167,DB,-6.5081
15437,"Forrest, Darrick",-10.357,DB,-6.5081
15468,"Dimukeje, Victor",-9.323,LB,-6.5081
15470,"Wildgoose, Rachad",-10.25,DB,-6.5081
15485,"Bradley-King, William",-7.605,DL,-6.5081
15495,"Spencer, Marquiss",-6.938,DL,-6.5081
15548,"Banks, Eric",-7.605,DL,-6.5081
15586,"Johnson, Caleb",-9.309,LB,-6.5081
15588,"Carter, Tory",-8.806,RB,-6.5081
15637,"Heflin, Jack",-7.438,DL,-6.5081
15640,"Rashed, Hamilcar",-6.938,DL,-6.5081
15648,"Mack, Ledarius",-8.9,LB,-6.5081
15674,"Potoa'e, Benning",-6.938,DL,-6.5081
14367,"Helm, Daniel",-13.582,TE,-6.5081
15250,"Ehlinger, Sam",-15.989,QB,-6.5081
15269,"Sargent, Mekhi",-8.877,RB,-6.5081
14826,"Pierce, Artavis",-8.196,RB,-6.5081
15643,"Ffrench, Maurice",-9.789,WR,-6.5081
15661,"Hardy, JaQuan",-8.631,RB,-6.5081
8062,"Fitzpatrick, Ryan",-15.569,QB,-6.5081
14098,"Crockett, Damarea",-8.948,RB,-6.5081
14549,"Webster, Nsimba",-10.086,WR,-6.5081
14070,"Blough, David",-15.689,QB,-6.5081
13789,"Wilkins, Jordan",-8.878,RB,-6.5081
14552,"Blasingame, Khari",-8.956,RB,-6.5081
15087,"Cottrell, Nathan",-8.906,RB,-6.5081
13127,"Peterman, Nathan",-16.089,QB,-6.5081
15243,"Mond, Kellen",-16.189,QB,-6.5081
9200,"Slater, Matt",-10.194,WR,-6.5081
9819,"McCoy, Gerald",-7.938,DL,-6.5081
10755,"Curry, Vinny",-7.938,DL,-6.5081
10831,"Wilber, Kyle",-9.4,LB,-6.5081
10841,"Daniels, Mike",-7.938,DL,-6.5081
10847,"Whitehead, Tahir",-9.4,LB,-6.5081
10884,"Ebner, Nate",-10.5,DB,-6.5081
11039,"Overton, Matt",-9.4,LB,-6.5081
11346,"Hayden, D.J.",-10.5,DB,-6.5081
11355,"Wreh-Wilson, Blidi",-10.5,DB,-6.5081
11462,"Reynolds, LaRoy",-9.4,LB,-6.5081
11555,"Davis, Cody",-10.5,DB,-6.5081
11632,"Compton, Will",-9.4,LB,-6.5081
11676,"Matthews, Jordan",-10.194,WR,-6.5081
11737,"Dennard, Darqueze",-10.5,DB,-6.5081
11740,"Clinton-Dix, Ha Ha",-10.5,DB,-6.5081
11783,"Brown, John",-10.194,WR,-6.5081
11785,"Rodgers, Richard",-13.682,TE,-6.5081
11816,"Williamson, Avery",-9.4,LB,-6.5081
11925,"Hurns, Allen",-10.194,WR,-6.5081
12182,"Smith, Devin",-10.194,WR,-6.5081
12223,"Orchard, Nate",-7.938,DL,-6.5081
12281,"Richards, Jordan",-10.5,DB,-6.5081
12297,"Campbell, Ibraheim",-10.5,DB,-6.5081
12369,"Robinson, Edmond",-9.4,LB,-6.5081
12372,"Nzeocha, Mark",-9.4,LB,-6.5081
12474,"McGill, T.Y.",-7.938,DL,-6.5081
12542,"King, Brandon",-9.4,LB,-6.5081
12596,"LaCosse, Matt",-13.682,TE,-6.5081
12608,"Winchester, James",-13.682,TE,-6.5081
12623,"Driskel, Jeff",-16.289,QB,-6.5081
12665,"Allison, Geronimo",-10.194,WR,-6.5081
12733,"March, Justin",-9.4,LB,-6.5081
12748,"Davis, Sean",-10.5,DB,-6.5081
12755,"Redmond, Will",-10.5,DB,-6.5081
12774,"Goodson, B.J.",-9.4,LB,-6.5081
12807,"Hemingway, Temarrick",-13.682,TE,-6.5081
12826,"Lucas, Jordan",-10.5,DB,-6.5081
12830,"Frazier, Kavon",-10.5,DB,-6.5081
12898,"Travis, Ross",-13.682,TE,-6.5081
12938,"Poole, Brian",-10.5,DB,-6.5081
12958,"Norris, Jared",-9.4,LB,-6.5081
12970,"Boddy-Calhoun, Briean",-10.5,DB,-6.5081
12978,"Goodwin, C.J.",-10.5,DB,-6.5081
13026,"Onwuasor, Patrick",-9.4,LB,-6.5081
13075,"Milton, Chris",-10.5,DB,-6.5081
13144,"McGuire, Elijah",-9.006,RB,-6.5081
13202,"Lawson, Carl",-7.938,DL,-6.5081
13240,"Hill, Brian",-9.006,RB,-6.5081
13287,"Thompson, Tedric",-10.5,DB,-6.5081
13290,"Cohen, Tarik",-9.006,RB,-6.5081
13312,"Adams, Rodney",-10.194,WR,-6.5081
13314,"Allen, Brian",-10.5,DB,-6.5081
13336,"Ledbetter, Jeremiah",-7.938,DL,-6.5081
13366,"Schreck, Mason",-13.682,TE,-6.5081
13410,"Yarbrough, Eddie",-7.938,DL,-6.5081
13452,"Edmunds, Trey",-9.006,RB,-6.5081
13468,"Washington, Charles",-10.5,DB,-6.5081
13491,"Hardee, Justin",-10.5,DB,-6.5081
13512,"Cox, Bryan",-7.938,DL,-6.5081
13611,"Adams, Josh",-9.006,RB,-6.5081
13612,"Johnson, Kerryon",-9.006,RB,-6.5081
13647,"Ateman, Marcell",-10.194,WR,-6.5081
13666,"Fountain, Daurice",-10.194,WR,-6.5081
13698,"Jefferson, Malik",-9.4,LB,-6.5081
13739,"Dawson, Duke",-10.5,DB,-6.5081
13756,"Apke, Troy",-10.5,DB,-6.5081
13776,"Watson, Justin",-10.194,WR,-6.5081
13797,"Nickerson, Parry",-10.5,DB,-6.5081
13866,"Beal, Sam",-10.5,DB,-6.5081
13884,"Smith, Vyncint",-10.194,WR,-6.5081
13915,"Calitro, Austin",-9.4,LB,-6.5081
13932,"Ellerbee, Emmanuel",-9.4,LB,-6.5081
13936,"Virgin, Dee",-10.5,DB,-6.5081
13943,"Davis, Tae",-9.4,LB,-6.5081
13945,"Hill, Holton",-10.5,DB,-6.5081
13970,"Brown, Tony",-10.5,DB,-6.5081
13996,"Haley, Grant",-10.5,DB,-6.5081
14060,"Jackson, Tyree",-13.682,TE,-6.5081
14065,"Rypien, Brett",-16.289,QB,-6.5081
14094,"Scarlett, Jordan",-9.006,RB,-6.5081
14195,"Warring, Kahale",-13.682,TE,-6.5081
14242,"Connelly, Ryan",-9.4,LB,-6.5081
14243,"Tell, Marvell",-10.5,DB,-6.5081
14259,"Miller, Jordan",-10.5,DB,-6.5081
14261,"Smith, Sutton",-9.006,RB,-6.5081
14265,"Fulgham, Travis",-10.194,WR,-6.5081
14284,"Thompson, Darwin",-9.006,RB,-6.5081
14287,"Gillaspia, Cullen",-9.006,RB,-6.5081
14291,"Johnson, Darryl",-7.938,DL,-6.5081
14293,"Moreland, Jimmy",-10.5,DB,-6.5081
14310,"Bell, Quinton",-9.4,LB,-6.5081
14319,"Beck, Andrew",-13.682,TE,-6.5081
14321,"Thompson, Cody",-10.194,WR,-6.5081
14351,"McElroy, Codey",-10.194,WR,-6.5081
14370,"Hudson, Tanner",-13.682,TE,-6.5081
14372,"Holtz, J.P.",-13.682,TE,-6.5081
14381,"Harvey, Willie",-9.4,LB,-6.5081
14442,"Kuntz, Christian",-9.4,LB,-6.5081
14456,"Watson, Brandon",-10.5,DB,-6.5081
14509,"Bolton, Curtis",-9.4,LB,-6.5081
14543,"Harris, Darius",-9.4,LB,-6.5081
14548,"Bachman, Alex",-10.194,WR,-6.5081
14584,"Watson, Josh",-9.4,LB,-6.5081
14613,"Sims, Steven",-10.194,WR,-6.5081
14665,"Dillon, Brandon",-13.682,TE,-6.5081
14674,"Perry, Jamal",-10.5,DB,-6.5081
14681,"Harris, Demone",-7.938,DL,-6.5081
14737,"Giles-Harris, Joe",-9.4,LB,-6.5081
14780,"Eason, Jacob",-16.289,QB,-6.5081
14799,"Akers, Cam",-9.006,RB,-6.5081
14849,"Hodgins, Isaiah",-10.194,WR,-6.5081
14863,"Gandy-Golden, Antonio",-10.194,WR,-6.5081
14872,"Pinkney, Jared",-13.682,TE,-6.5081
14916,"Smith, Saivion",-10.5,DB,-6.5081
14931,"Ojemudia, Michael",-10.5,DB,-6.5081
14936,"Asiasi, Devin",-13.682,TE,-6.5081
14938,"Muse, Tanner",-9.4,LB,-6.5081
14945,"Pride, Troy",-10.5,DB,-6.5081
14968,"Weaver, Curtis",-7.938,DL,-6.5081
14969,"Hightower, John",-10.194,WR,-6.5081
14970,"Hand, Harrison",-10.5,DB,-6.5081
14972,"Coulter, Isaiah",-10.194,WR,-6.5081
14976,"Martin, Kamal",-9.4,LB,-6.5081
14980,"Brown, Cam",-9.4,LB,-6.5081
14987,"Davis, Khalil",-7.938,DL,-6.5081
14990,"Brooks, Antoine",-10.5,DB,-6.5081
14999,"Glasgow, Jordan",-9.4,LB,-6.5081
15012,"Cornell, Jashon",-7.938,DL,-6.5081
15013,"Scott, Vernon",-10.5,DB,-6.5081
15014,"Keyes, Thakarius",-10.5,DB,-6.5081
15026,"Sullivan, Stephen",-13.682,TE,-6.5081
15027,"Cleveland, Tyrie",-10.194,WR,-6.5081
15039,"Parker, Aaron",-10.194,WR,-6.5081
15041,"Cager, Lawrence",-10.194,WR,-6.5081
15054,"Ricci, Giovanni",-13.682,TE,-6.5081
15056,"White, Javin",-9.4,LB,-6.5081
15057,"Chisena, Dan",-10.194,WR,-6.5081
15059,"Dorn, Myles",-10.5,DB,-6.5081
15071,"Carter, Ron'Dell",-7.938,DL,-6.5081
15073,"Motley, Parnell",-10.5,DB,-6.5081
15076,"Rozeboom, Christian",-9.4,LB,-6.5081
15088,"Ellefson, Ben",-13.682,TE,-6.5081
15098,"Bradwell, Darius",-9.006,RB,-6.5081
15123,"Thompson, Colin",-13.682,TE,-6.5081
15125,"Jackson, Lamar",-10.5,DB,-6.5081
15132,"Vickers, Kendal",-7.938,DL,-6.5081
15133,"Harper, Madre",-10.5,DB,-6.5081
15137,"Arnold, Grayland",-10.5,DB,-6.5081
15149,"Harris, De'Michael",-10.194,WR,-6.5081
15168,"Jacquet, Michael",-10.5,DB,-6.5081
15172,"Olonilua, Sewo",-9.006,RB,-6.5081
15180,"Barcoo, Luq",-10.5,DB,-6.5081
15187,"Miller, Herb",-10.5,DB,-6.5081
15194,"Christiansen, Cole",-9.4,LB,-6.5081
15210,"Jones, Keandre",-9.4,LB,-6.5081
15224,"Cole, Matt",-10.194,WR,-6.5081
15228,"Hansen, Chase",-9.4,LB,-6.5081
15276,"Brown, Spencer",-9.006,RB,-6.5081
15303,"Fehoko, Simi",-10.194,WR,-6.5081
15311,"Stoner, Dillon",-10.194,WR,-6.5081
15340,"Poljan, Tony",-13.682,TE,-6.5081
15353,"Surratt, Chazz",-9.4,LB,-6.5081
15354,"Moses, Dylan",-9.4,LB,-6.5081
15374,"Reyes, Sammis",-13.682,TE,-6.5081
15415,"Smith, Jordan",-9.4,LB,-6.5081
15416,"Shelvin, Tyler",-7.938,DL,-6.5081
15424,"Johnson, Buddy",-9.4,LB,-6.5081
15425,"Harris, Jacob",-13.682,TE,-6.5081
15427,"Kaindoh, Joshua",-7.938,DL,-6.5081
15431,"Fields, Tony",-9.4,LB,-6.5081
15438,"Johnson, Jamar",-10.5,DB,-6.5081
15439,"Davis, Shawn",-10.5,DB,-6.5081
15444,"Hayes, Daelin",-9.4,LB,-6.5081
15450,"McGrone, Cameron",-9.4,LB,-6.5081
15467,"Camp, Jalen",-10.194,WR,-6.5081
15473,"McDuffie, Isaiah",-9.4,LB,-6.5081
15474,"Gowan, Tay",-10.5,DB,-6.5081
15475,"Stevens, JaCoby",-10.5,DB,-6.5081
15476,"Mukuamu, Israel",-10.5,DB,-6.5081
15482,"Hubert, Wyatt",-7.938,DL,-6.5081
15483,"Vincent, Kary",-10.5,DB,-6.5081
15487,"Wiggins, James",-10.5,DB,-6.5081
15488,"Doaks, Gerrid",-9.006,RB,-6.5081
15494,"Garrett, Chris",-9.4,LB,-6.5081
15497,"Baker, Kawaan",-10.194,WR,-6.5081
15502,"Johnson, Josh",-9.006,RB,-6.5081
15506,"Bushman, Matt",-13.682,TE,-6.5081
15510,"Washington, Ar'Darius",-10.5,DB,-6.5081
15515,"Snowden, Charles",-9.4,LB,-6.5081
15519,"Hilliard, Justin",-9.4,LB,-6.5081
15527,"Key, Devon",-10.5,DB,-6.5081
15530,"Etheridge, Dorian",-9.4,LB,-6.5081
15532,"Platzgummer, Sandro",-9.006,RB,-6.5081
15534,"Forristall, Miller",-13.682,TE,-6.5081
15535,"Kinsey, Mason",-10.194,WR,-6.5081
15537,"Hodge, Darius",-7.938,DL,-6.5081
15539,"Akers, Landen",-10.194,WR,-6.5081
15542,"Bowers, Nick",-13.682,TE,-6.5081
15563,"Wilcox, Mitchell",-13.682,TE,-6.5081
15593,"Ralston, Nick",-13.682,TE,-6.5081
15595,"Campbell, Elijah",-10.5,DB,-6.5081
15614,"McCloud, Nick",-10.5,DB,-6.5081
15617,"Williams, Trill",-10.5,DB,-6.5081
15636,"Wade, Barrington",-9.4,LB,-6.5081
15642,"Thomas, Kiondre",-10.5,DB,-6.5081
15644,"Gervase, Jake",-10.5,DB,-6.5081
15654,"Heslop, Gavin",-10.5,DB,-6.5081
15655,"Thompson, Bryce",-10.5,DB,-6.5081
15666,"Gaines, Innis",-10.5,DB,-6.5081
15672,"Quessenberry, Paul",-13.682,TE,-6.5081
15675,"Warrior, Nigel",-10.5,DB,-6.5081
15676,"Anderson, Zayne",-10.5,DB,-6.5081
13600,"Benkert, Kurt",-16.389,QB,-6.5081
15503,"McCrary, Nate",-9.106,RB,-6.5081
9706,"Daniel, Chase",-16.489,QB,-6.5081
13120,"Webb, Davis",-16.589,QB,-6.5081
15244,"Franks, Feleipe",-16.329,QB,-6.5081
13846,"Woodside, Logan",-16.409,QB,-6.5081
15035,"Wolford, John",-16.589,QB,-6.5081
13591,"Rosen, Josh",-16.599,QB,-6.5081
15656,"Kessman, Alex",-10.817,PK,-6.5081
11644,"Carr, Derek",0,QB,-0.0167
14186,"Rapp, Taylor",0,DB,-0.0167
14858,"Jefferson, Van",0,WR,-0.0167
9902,"Gronkowski, Rob",0,TE,-0.0167
13607,"Michel, Sony",0,RB,-0.0167
15082,"Barnes, Krys",0,LB,-0.0167
10868,"Zuerlein, Greg",0,PK,-0.0167
12691,"Ogbah, Emmanuel",0,DL,-0.0167
14911,"Davis, Ashtyn",0,DB,-0.0167
12630,"Drake, Kenyan",0.016,RB,-0.0167