season,franchise_id,franchise_name,franchise_abbrev,franchise_logo,franchise_icon,division_id,division_name,conference_id,conference_name
2016,0001,Galway Buccaneers,Bucs,https://www48.myfantasyleague.com/fflnetdynamic2016/63018_franchise_logo0001.jpg,https://www48.myfantasyleague.com/fflnetdynamic2016/63018_franchise_icon0001.jpg,04,Barry Sanders Division,01,BFC
2016,0002,K-Town Rocketeers,R-KT,https://www48.myfantasyleague.com/fflnetdynamic2016/63018_franchise_logo0002.jpg,https://www48.myfantasyleague.com/fflnetdynamic2016/63018_franchise_icon0002.png,04,Barry Sanders Division,01,BFC
2016,0003,CTU Los Angeles,CTU,http://www46.myfantasyleague.com/fflnetdynamic2017/63018_franchise_logo0003.png,http://www46.myfantasyleague.com/fflnetdynamic2017/63018_franchise_icon0003.png,00,Brett Favre Division,00,RFC
2016,0004,Cleve Crusader,CLE,https://www48.myfantasyleague.com/fflnetdynamic2016/63018_franchise_logo0004.gif,https://www48.myfantasyleague.com/fflnetdynamic2016/63018_franchise_icon0004.png,01,Buddy Ryan Division,00,RFC
2016,0005,G-Town Pandas,NA,https://www48.myfantasyleague.com/fflnetdynamic2016/63018_franchise_logo0005.jpg,https://www48.myfantasyleague.com/fflnetdynamic2016/63018_franchise_icon0005.jpg,04,Barry Sanders Division,01,BFC
2016,0006,Dexter Wolves,NA,https://www48.myfantasyleague.com/fflnetdynamic2016/63018_franchise_logo0006.png,https://www48.myfantasyleague.com/fflnetdynamic2016/63018_franchise_icon0006.jpg,02,Reggie White Division,00,RFC
2016,0007,Jena Dragons,JEN,https://www46.myfantasyleague.com/fflnetdynamic2017/63018_franchise_logo0007.png,https://www46.myfantasyleague.com/fflnetdynamic2017/63018_franchise_icon0007.png,00,Brett Favre Division,00,RFC
2016,0008,Dortmund Packers,NA,https://www46.myfantasyleague.com/fflnet2016/newhelmets/nh-0146.png,https://www46.myfantasyleague.com/fflnet2016/newhelmets/nh-0146.png,00,Brett Favre Division,00,RFC
2016,0009,Syke Steelers,NA,http://www46.myfantasyleague.com/fflnetdynamic2017/63018_franchise_logo0009.jpg,http://www46.myfantasyleague.com/fflnetdynamic2017/63018_franchise_icon0009.jpg,00,Brett Favre Division,00,RFC
2016,0010,County Hoya Brawlers,NA,https://www46.myfantasyleague.com/fflnet2016/newhelmets/nh-0004.png,https://www46.myfantasyleague.com/fflnet2016/newhelmets/nh-0004.png,03,Joe Namath Division,01,BFC
2016,0011,Hannover Bengals,NA,https://www48.myfantasyleague.com/fflnetdynamic2016/63018_franchise_logo0011.png,http://i.imgur.com/zBnku1l.png,00,Brett Favre Division,00,RFC
2016,0012,Wüterich Packers,NA,NA,https://www48.myfantasyleague.com/fflnetdynamic2016/63018_franchise_icon0012.jpg,00,Brett Favre Division,00,RFC
2016,0013,Cologne Rocketboobs,CGRB,https://www48.myfantasyleague.com/fflnetdynamic2016/63018_franchise_logo0013.jpg,https://www48.myfantasyleague.com/fflnetdynamic2016/63018_franchise_icon0013.jpg,01,Buddy Ryan Division,00,RFC
2016,0014,Deevillage Moonwalkers,DMW,https://www48.myfantasyleague.com/fflnetdynamic2016/63018_franchise_logo0014.png,https://www48.myfantasyleague.com/fflnetdynamic2016/63018_franchise_icon0014.png,05,Joe Montana Division,01,BFC
2016,0015,Las Vegas Saints,LVS,https://www46.myfantasyleague.com/fflnet2016/newhelmets/nh-0295.png,https://www46.myfantasyleague.com/fflnet2016/newhelmets/nh-0295.png,02,Reggie White Division,00,RFC
2016,0016,Wichita´s Hall of Fame Squad,NA,NA,https://www46.myfantasyleague.com/fflnet2016/helmets/h-0001.gif,02,Reggie White Division,00,RFC
2016,0017,Kiel Baltic Seagulls,KS,http://www46.myfantasyleague.com/fflnetdynamic2017/63018_franchise_logo0017.jpg,http://www46.myfantasyleague.com/fflnetdynamic2017/63018_franchise_icon0017.jpg,05,Joe Montana Division,01,BFC
2016,0018,Hintertupfingen Griffins,HTG,https://www48.myfantasyleague.com/fflnetdynamic2016/63018_franchise_logo0018.jpg,https://www48.myfantasyleague.com/fflnetdynamic2016/63018_franchise_icon0018.jpg,04,Barry Sanders Division,01,BFC
2016,0019,Dresden Jaguars,NA,NA,https://www46.myfantasyleague.com/fflnet2016/newhelmets/nh-0126.png,03,Joe Namath Division,01,BFC
2016,0020,Nipawomsett Monsters,NIM,https://www48.myfantasyleague.com/fflnetdynamic2016/63018_franchise_logo0020.jpg,https://www48.myfantasyleague.com/fflnetdynamic2016/63018_franchise_icon0020.jpg,05,Joe Montana Division,01,BFC
2016,0021,Green Düsseldorf Packers ,NA,http://www46.myfantasyleague.com/fflnetdynamic2017/63018_franchise_logo0021.jpg,http://www46.myfantasyleague.com/fflnetdynamic2017/63018_franchise_icon0021.jpg,01,Buddy Ryan Division,00,RFC
2016,0022,Oberaeder Woelfe,ORW,https://www46.myfantasyleague.com/fflnet2016/newlogos/Skull.png,https://www46.myfantasyleague.com/fflnet2016/helmets/h-0117.gif,03,Joe Namath Division,01,BFC
2016,0023,Berlin Bears,BER,https://www48.myfantasyleague.com/fflnetdynamic2016/63018_franchise_logo0023.png,https://www48.myfantasyleague.com/fflnetdynamic2016/63018_franchise_icon0023.png,03,Joe Namath Division,01,BFC
2016,0024,Lordran Sunseekers,LOR,https://www48.myfantasyleague.com/fflnetdynamic2016/63018_franchise_logo0024.png,https://www48.myfantasyleague.com/fflnetdynamic2016/63018_franchise_icon0024.png,03,Joe Namath Division,01,BFC
2016,0025,Hannover Eagles,HE,http://www46.myfantasyleague.com/fflnetdynamic2017/63018_franchise_logo0025.gif,http://www46.myfantasyleague.com/fflnetdynamic2017/63018_franchise_icon0025.gif,01,Buddy Ryan Division,00,RFC
2016,0026,Red Raiders,NA,https://www48.myfantasyleague.com/fflnetdynamic2016/63018_franchise_logo0026.png,https://www48.myfantasyleague.com/fflnetdynamic2016/63018_franchise_icon0026.png,02,Reggie White Division,00,RFC
2016,0027,Eindhoven Bandits,NA,http://www46.myfantasyleague.com/fflnetdynamic2017/63018_franchise_logo0027.jpg,http://www46.myfantasyleague.com/fflnetdynamic2017/63018_franchise_icon0027.jpg,04,Barry Sanders Division,01,BFC
2016,0028,German Cats,NA,https://www48.myfantasyleague.com/fflnetdynamic2016/63018_franchise_logo0028.jpg,https://www48.myfantasyleague.com/fflnetdynamic2016/63018_franchise_icon0028.png,01,Buddy Ryan Division,00,RFC
2016,0029,Cyriaks Weimar Mermaids,NA,NA,http://www.epicadamwildlife.com/wp-content/uploads/2015/10/merchild-baby-mermaid.jpg,05,Joe Montana Division,01,BFC
2016,0030,Essen Outlaws,NA,https://www46.myfantasyleague.com/fflnet2016/helmets/h-0079.gif,https://www46.myfantasyleague.com/fflnet2016/helmets/h-0079.gif,05,Joe Montana Division,01,BFC
2016,0031,German Swans,SWA,NA,http://www46.myfantasyleague.com/fflnetdynamic2017/63018_franchise_icon0031.gif,02,Reggie White Division,00,RFC
2016,0032,Green Bay Monarchs,NA,https://www48.myfantasyleague.com/fflnetdynamic2016/63018_franchise_logo0032.gif,https://www48.myfantasyleague.com/fflnetdynamic2016/63018_franchise_icon0032.jpg,01,Buddy Ryan Division,00,RFC
2016,0033,Dresden Giants,NA,http://www46.myfantasyleague.com/fflnetdynamic2017/63018_franchise_logo0033.png,http://www46.myfantasyleague.com/fflnetdynamic2017/63018_franchise_icon0033.png,04,Barry Sanders Division,01,BFC
2016,0034,Eiterfeld Jets,EFJ,https://www48.myfantasyleague.com/fflnetdynamic2016/63018_franchise_logo0034.gif,https://www48.myfantasyleague.com/fflnetdynamic2016/63018_franchise_icon0034.gif,03,Joe Namath Division,01,BFC
2016,0035,Beatdown Bulldogs,BB,https://www48.myfantasyleague.com/fflnetdynamic2016/63018_franchise_logo0035.png,https://www48.myfantasyleague.com/fflnetdynamic2016/63018_franchise_icon0035.gif,05,Joe Montana Division,01,BFC
2016,0036,Team Rocket,NA,http://www60.http://www.pokewiki.de/images/thumb/7/7f/Rocketlogo.png/77px-Rocketlogo.png.com/fflnetdynamic2016/63018_franchise_logo0036.jpg,https://www46.myfantasyleague.com/fflnet2017/newhelmets/nh-0093.png,02,Reggie White Division,00,RFC
2017,0001,Galway Buccaneers,Bucs,https://www48.myfantasyleague.com/fflnetdynamic2016/63018_franchise_logo0001.jpg,https://www48.myfantasyleague.com/fflnetdynamic2016/63018_franchise_icon0001.jpg,04,Barry Sanders Division,01,BFC
2017,0002,K-Town Rocketeers,R-KT,https://www48.myfantasyleague.com/fflnetdynamic2016/63018_franchise_logo0002.jpg,https://www48.myfantasyleague.com/fflnetdynamic2016/63018_franchise_icon0002.png,04,Barry Sanders Division,01,BFC
2017,0003,CTU Los Angeles,CTU,http://www46.myfantasyleague.com/fflnetdynamic2017/63018_franchise_logo0003.png,http://www46.myfantasyleague.com/fflnetdynamic2017/63018_franchise_icon0003.png,00,Brett Favre Division,00,RFC
2017,0004,Cleve Crusader,CLE,https://www48.myfantasyleague.com/fflnetdynamic2016/63018_franchise_logo0004.gif,https://www48.myfantasyleague.com/fflnetdynamic2016/63018_franchise_icon0004.png,01,Buddy Ryan Division,00,RFC
2017,0005,G-Town Pandas,NA,https://www48.myfantasyleague.com/fflnetdynamic2016/63018_franchise_logo0005.jpg,https://www48.myfantasyleague.com/fflnetdynamic2016/63018_franchise_icon0005.jpg,04,Barry Sanders Division,01,BFC
2017,0006,Dexter Wolves,NA,https://www48.myfantasyleague.com/fflnetdynamic2016/63018_franchise_logo0006.png,https://www48.myfantasyleague.com/fflnetdynamic2016/63018_franchise_icon0006.jpg,02,Reggie White Division,00,RFC
2017,0007,Jena Dragons,JEN,https://www46.myfantasyleague.com/fflnetdynamic2017/63018_franchise_logo0007.png,https://www46.myfantasyleague.com/fflnetdynamic2017/63018_franchise_icon0007.png,00,Brett Favre Division,00,RFC
2017,0008,Dortmund Packers,NA,https://www46.myfantasyleague.com/fflnet2016/newhelmets/nh-0146.png,https://www46.myfantasyleague.com/fflnet2016/newhelmets/nh-0146.png,00,Brett Favre Division,00,RFC
2017,0009,Syke Steelers,NA,http://www46.myfantasyleague.com/fflnetdynamic2017/63018_franchise_logo0009.jpg,http://www46.myfantasyleague.com/fflnetdynamic2017/63018_franchise_icon0009.jpg,00,Brett Favre Division,00,RFC
2017,0010,County Hoya Brawlers,NA,https://www46.myfantasyleague.com/fflnet2016/newhelmets/nh-0004.png,https://www46.myfantasyleague.com/fflnet2016/newhelmets/nh-0004.png,03,Joe Namath Division,01,BFC
2017,0011,Hannover Bengals,NA,https://www48.myfantasyleague.com/fflnetdynamic2016/63018_franchise_logo0011.png,http://i.imgur.com/zBnku1l.png,00,Brett Favre Division,00,RFC
2017,0012,Wüterich Packers,NA,NA,https://www48.myfantasyleague.com/fflnetdynamic2016/63018_franchise_icon0012.jpg,00,Brett Favre Division,00,RFC
2017,0013,Cologne Rocketboobs,CGRB,https://www48.myfantasyleague.com/fflnetdynamic2016/63018_franchise_logo0013.jpg,https://www48.myfantasyleague.com/fflnetdynamic2016/63018_franchise_icon0013.jpg,01,Buddy Ryan Division,00,RFC
2017,0014,Deevillage Moonwalkers,DMW,https://www48.myfantasyleague.com/fflnetdynamic2016/63018_franchise_logo0014.png,https://www48.myfantasyleague.com/fflnetdynamic2016/63018_franchise_icon0014.png,05,Joe Montana Division,01,BFC
2017,0015,Las Vegas Saints,LVS,https://www46.myfantasyleague.com/fflnet2016/newhelmets/nh-0295.png,https://www46.myfantasyleague.com/fflnet2016/newhelmets/nh-0295.png,02,Reggie White Division,00,RFC
2017,0016,Wichita´s Hall of Fame Squad,NA,NA,https://www46.myfantasyleague.com/fflnet2016/helmets/h-0001.gif,02,Reggie White Division,00,RFC
2017,0017,Kiel Baltic Seagulls,KS,http://www46.myfantasyleague.com/fflnetdynamic2017/63018_franchise_logo0017.jpg,http://www46.myfantasyleague.com/fflnetdynamic2017/63018_franchise_icon0017.jpg,05,Joe Montana Division,01,BFC
2017,0018,Hintertupfingen Griffins,HTG,https://www48.myfantasyleague.com/fflnetdynamic2016/63018_franchise_logo0018.jpg,https://www48.myfantasyleague.com/fflnetdynamic2016/63018_franchise_icon0018.jpg,04,Barry Sanders Division,01,BFC
2017,0019,Dresden Jaguars,NA,NA,https://www46.myfantasyleague.com/fflnet2016/newhelmets/nh-0126.png,03,Joe Namath Division,01,BFC
2017,0020,Nipawomsett Monsters,NIM,https://www48.myfantasyleague.com/fflnetdynamic2016/63018_franchise_logo0020.jpg,https://www48.myfantasyleague.com/fflnetdynamic2016/63018_franchise_icon0020.jpg,05,Joe Montana Division,01,BFC
2017,0021,Green Düsseldorf Packers ,NA,http://www46.myfantasyleague.com/fflnetdynamic2017/63018_franchise_logo0021.jpg,http://www46.myfantasyleague.com/fflnetdynamic2017/63018_franchise_icon0021.jpg,01,Buddy Ryan Division,00,RFC
2017,0022,Oberaeder Woelfe,ORW,https://www46.myfantasyleague.com/fflnet2016/newlogos/Skull.png,https://www46.myfantasyleague.com/fflnet2016/helmets/h-0117.gif,03,Joe Namath Division,01,BFC
2017,0023,Berlin Bears,BER,https://www48.myfantasyleague.com/fflnetdynamic2016/63018_franchise_logo0023.png,https://www48.myfantasyleague.com/fflnetdynamic2016/63018_franchise_icon0023.png,03,Joe Namath Division,01,BFC
2017,0024,Lordran Sunseekers,LOR,https://www48.myfantasyleague.com/fflnetdynamic2016/63018_franchise_logo0024.png,https://www48.myfantasyleague.com/fflnetdynamic2016/63018_franchise_icon0024.png,03,Joe Namath Division,01,BFC
2017,0025,Hannover Eagles,HE,http://www46.myfantasyleague.com/fflnetdynamic2017/63018_franchise_logo0025.gif,http://www46.myfantasyleague.com/fflnetdynamic2017/63018_franchise_icon0025.gif,01,Buddy Ryan Division,00,RFC
2017,0026,Red Raiders,NA,https://www48.myfantasyleague.com/fflnetdynamic2016/63018_franchise_logo0026.png,https://www48.myfantasyleague.com/fflnetdynamic2016/63018_franchise_icon0026.png,02,Reggie White Division,00,RFC
2017,0027,Eindhoven Bandits,NA,http://www46.myfantasyleague.com/fflnetdynamic2017/63018_franchise_logo0027.jpg,http://www46.myfantasyleague.com/fflnetdynamic2017/63018_franchise_icon0027.jpg,04,Barry Sanders Division,01,BFC
2017,0028,German Cats,NA,https://www48.myfantasyleague.com/fflnetdynamic2016/63018_franchise_logo0028.jpg,https://www48.myfantasyleague.com/fflnetdynamic2016/63018_franchise_icon0028.png,01,Buddy Ryan Division,00,RFC
2017,0029,Cyriaks Weimar Mermaids,NA,NA,http://www.epicadamwildlife.com/wp-content/uploads/2015/10/merchild-baby-mermaid.jpg,05,Joe Montana Division,01,BFC
2017,0030,Essen Outlaws,NA,https://www46.myfantasyleague.com/fflnet2016/helmets/h-0079.gif,https://www46.myfantasyleague.com/fflnet2016/helmets/h-0079.gif,05,Joe Montana Division,01,BFC
2017,0031,German Swans,SWA,NA,http://www46.myfantasyleague.com/fflnetdynamic2017/63018_franchise_icon0031.gif,02,Reggie White Division,00,RFC
2017,0032,Green Bay Monarchs,NA,https://www48.myfantasyleague.com/fflnetdynamic2016/63018_franchise_logo0032.gif,https://www48.myfantasyleague.com/fflnetdynamic2016/63018_franchise_icon0032.jpg,01,Buddy Ryan Division,00,RFC
2017,0033,Dresden Giants,NA,http://www46.myfantasyleague.com/fflnetdynamic2017/63018_franchise_logo0033.png,http://www46.myfantasyleague.com/fflnetdynamic2017/63018_franchise_icon0033.png,04,Barry Sanders Division,01,BFC
2017,0034,Eiterfeld Jets,EFJ,https://www48.myfantasyleague.com/fflnetdynamic2016/63018_franchise_logo0034.gif,https://www48.myfantasyleague.com/fflnetdynamic2016/63018_franchise_icon0034.gif,03,Joe Namath Division,01,BFC
2017,0035,Beatdown Bulldogs,BB,https://www48.myfantasyleague.com/fflnetdynamic2016/63018_franchise_logo0035.png,https://www48.myfantasyleague.com/fflnetdynamic2016/63018_franchise_icon0035.gif,05,Joe Montana Division,01,BFC
2017,0036,Team Rocket,NA,http://www60.http://www.pokewiki.de/images/thumb/7/7f/Rocketlogo.png/77px-Rocketlogo.png.com/fflnetdynamic2016/63018_franchise_logo0036.jpg,https://www46.myfantasyleague.com/fflnet2017/newhelmets/nh-0093.png,02,Reggie White Division,00,RFC
2018,0001,Galway Buccaneers,Bucs,https://www48.myfantasyleague.com/fflnetdynamic2016/63018_franchise_logo0001.jpg,https://www48.myfantasyleague.com/fflnetdynamic2016/63018_franchise_icon0001.jpg,04,Barry Sanders Division,01,BFC
2018,0002,K-Town Rocketeers,R-KT,https://www48.myfantasyleague.com/fflnetdynamic2016/63018_franchise_logo0002.jpg,https://www48.myfantasyleague.com/fflnetdynamic2016/63018_franchise_icon0002.png,04,Barry Sanders Division,01,BFC
2018,0003,CTU Los Angeles,CTU,https://www46.myfantasyleague.com/fflnetdynamic2017/63018_franchise_logo0003.png,https://www46.myfantasyleague.com/fflnetdynamic2017/63018_franchise_icon0003.png,00,Brett Favre Division,00,RFC
2018,0004,Cleve Crusader,CLE,https://www48.myfantasyleague.com/fflnetdynamic2016/63018_franchise_logo0004.gif,https://www48.myfantasyleague.com/fflnetdynamic2016/63018_franchise_icon0004.png,01,Buddy Ryan Division,01,BFC
2018,0005,G-Town Pandas,NA,https://www48.myfantasyleague.com/fflnetdynamic2016/63018_franchise_logo0005.jpg,https://www48.myfantasyleague.com/fflnetdynamic2016/63018_franchise_icon0005.jpg,04,Barry Sanders Division,01,BFC
2018,0006,Dexter Wolves,NA,https://www48.myfantasyleague.com/fflnetdynamic2016/63018_franchise_logo0006.png,https://www48.myfantasyleague.com/fflnetdynamic2016/63018_franchise_icon0006.jpg,02,Reggie White Division,01,BFC
2018,0007,Jena Dragons,JEN,https://www46.myfantasyleague.com/fflnetdynamic2017/63018_franchise_logo0007.png,https://www46.myfantasyleague.com/fflnetdynamic2017/63018_franchise_icon0007.png,00,Brett Favre Division,00,RFC
2018,0008,Dortmund Packers,DOP,http://www48.myfantasyleague.com/fflnetdynamic2018/63018_franchise_logo0008.jpg,https://www48.myfantasyleague.com/fflnetdynamic2018/63018_franchise_icon0008.jpg,00,Brett Favre Division,00,RFC
2018,0009,Syke Steelers,NA,https://www46.myfantasyleague.com/fflnetdynamic2017/63018_franchise_logo0009.jpg,https://www46.myfantasyleague.com/fflnetdynamic2017/63018_franchise_icon0009.jpg,00,Brett Favre Division,00,RFC
2018,0010,County Hoya Brawlers,NA,https://www48.myfantasyleague.com/fflnet2016/newhelmets/nh-0004.png,https://www48.myfantasyleague.com/fflnet2016/newhelmets/nh-0004.png,03,Joe Namath Division,00,RFC
2018,0011,Hannover Bengals,NA,https://www48.myfantasyleague.com/fflnetdynamic2016/63018_franchise_logo0011.png,http://i.imgur.com/zBnku1l.png,00,Brett Favre Division,00,RFC
2018,0012,Wüterich Packers,NA,NA,https://www48.myfantasyleague.com/fflnetdynamic2016/63018_franchise_icon0012.jpg,00,Brett Favre Division,00,RFC
2018,0013,Cologne Rocketboobs,CGRB,https://www48.myfantasyleague.com/fflnetdynamic2016/63018_franchise_logo0013.jpg,https://www48.myfantasyleague.com/fflnetdynamic2016/63018_franchise_icon0013.jpg,01,Buddy Ryan Division,01,BFC
2018,0014,Deevillage Moonwalkers,DMW,https://www48.myfantasyleague.com/fflnetdynamic2016/63018_franchise_logo0014.png,https://www48.myfantasyleague.com/fflnetdynamic2016/63018_franchise_icon0014.png,05,Joe Montana Division,00,RFC
2018,0015,Las Vegas Saints,LVS,https://www48.myfantasyleague.com/fflnet2016/newhelmets/nh-0295.png,https://www48.myfantasyleague.com/fflnet2016/newhelmets/nh-0295.png,02,Reggie White Division,01,BFC
2018,0016,Wichita´s Hall of Fame Squad,NA,NA,https://www48.myfantasyleague.com/fflnet2016/helmets/h-0001.gif,02,Reggie White Division,01,BFC
2018,0017,Nordic Wolves,NORD,https://www48.myfantasyleague.com/fflnetdynamic2018/63018_franchise_logo0017.jpg,https://www48.myfantasyleague.com/fflnetdynamic2018/63018_franchise_icon0017.jpg,05,Joe Montana Division,00,RFC
2018,0018,Hintertupfingen Griffins,HTG,https://www48.myfantasyleague.com/fflnetdynamic2016/63018_franchise_logo0018.jpg,https://www48.myfantasyleague.com/fflnetdynamic2016/63018_franchise_icon0018.jpg,04,Barry Sanders Division,01,BFC
2018,0019,Dresden Jaguars,NA,NA,https://www48.myfantasyleague.com/fflnet2016/newhelmets/nh-0126.png,03,Joe Namath Division,00,RFC
2018,0020,Dresden Cardinals ,NIM,https://www48.myfantasyleague.com/fflnet2018/helmets/h-0015.gif,https://www48.myfantasyleague.com/fflnetdynamic2016/63018_franchise_icon0020.jpg,05,Joe Montana Division,00,RFC
2018,0021,Green Düsseldorf Packers ,NA,https://www46.myfantasyleague.com/fflnetdynamic2017/63018_franchise_logo0021.jpg,https://www46.myfantasyleague.com/fflnetdynamic2017/63018_franchise_icon0021.jpg,01,Buddy Ryan Division,01,BFC
2018,0022,M-V Lightning,NA,http://www48.myfantasyleague.com/fflnetdynamic2018/63018_franchise_logo0022.jpg,http://www48.myfantasyleague.com/fflnetdynamic2018/63018_franchise_icon0022.jpg,03,Joe Namath Division,00,RFC
2018,0023,Berlin Bears,BER,https://www48.myfantasyleague.com/fflnetdynamic2016/63018_franchise_logo0023.png,https://www48.myfantasyleague.com/fflnetdynamic2016/63018_franchise_icon0023.png,03,Joe Namath Division,00,RFC
2018,0024,Lordran Sunseekers,LOR,https://www48.myfantasyleague.com/fflnetdynamic2016/63018_franchise_logo0024.png,https://www48.myfantasyleague.com/fflnetdynamic2016/63018_franchise_icon0024.png,03,Joe Namath Division,00,RFC
2018,0025,Hannover Eagles,HE,https://www46.myfantasyleague.com/fflnetdynamic2017/63018_franchise_logo0025.gif,https://www46.myfantasyleague.com/fflnetdynamic2017/63018_franchise_icon0025.gif,01,Buddy Ryan Division,01,BFC
2018,0026,Red Raiders,NA,https://www48.myfantasyleague.com/fflnetdynamic2016/63018_franchise_logo0026.png,https://www48.myfantasyleague.com/fflnetdynamic2016/63018_franchise_icon0026.png,02,Reggie White Division,01,BFC
2018,0027,Eindhoven Bandits,NA,https://www46.myfantasyleague.com/fflnetdynamic2017/63018_franchise_logo0027.jpg,https://www46.myfantasyleague.com/fflnetdynamic2017/63018_franchise_icon0027.jpg,04,Barry Sanders Division,01,BFC
2018,0028,German Cats,NA,https://www48.myfantasyleague.com/fflnetdynamic2016/63018_franchise_logo0028.jpg,https://www48.myfantasyleague.com/fflnetdynamic2016/63018_franchise_icon0028.png,01,Buddy Ryan Division,01,BFC
2018,0029,Cyriaks Weimar Mermaids,NA,NA,http://www.epicadamwildlife.com/wp-content/uploads/2015/10/merchild-baby-mermaid.jpg,05,Joe Montana Division,00,RFC
2018,0030,Würzburg Turtles,NA,https://www48.myfantasyleague.com/fflnet2016/helmets/h-0079.gif,https://www48.myfantasyleague.com/fflnet2016/helmets/h-0079.gif,05,Joe Montana Division,00,RFC
2018,0031,German Swans,SWA,NA,https://www46.myfantasyleague.com/fflnetdynamic2017/63018_franchise_icon0031.gif,02,Reggie White Division,01,BFC
2018,0032,Green Bay Monarchs,NA,https://www48.myfantasyleague.com/fflnetdynamic2016/63018_franchise_logo0032.gif,https://www48.myfantasyleague.com/fflnetdynamic2016/63018_franchise_icon0032.jpg,01,Buddy Ryan Division,01,BFC
2018,0033,Auwald Woodpecker,NA,http://www48.myfantasyleague.com/fflnetdynamic2018/63018_franchise_logo0033.png,http://www48.myfantasyleague.com/fflnetdynamic2018/63018_franchise_icon0033.png,04,Barry Sanders Division,01,BFC
2018,0034,Eiterfeld Jets,EFJ,http://www48.myfantasyleague.com/fflnetdynamic2018/63018_franchise_logo0034.png,http://www48.myfantasyleague.com/fflnetdynamic2018/63018_franchise_icon0034.png,03,Joe Namath Division,00,RFC
2018,0035,Beatdown Bulldogs,BB,https://www48.myfantasyleague.com/fflnetdynamic2016/63018_franchise_logo0035.png,https://www48.myfantasyleague.com/fflnetdynamic2016/63018_franchise_icon0035.gif,05,Joe Montana Division,00,RFC
2018,0036,Team Rocket,NA,NA,https://www48.myfantasyleague.com/fflnetdynamic2018/63018_franchise_icon0036.jpg,02,Reggie White Division,01,BFC
2019,0001,Galway Buccaneers,Bucs,https://www48.myfantasyleague.com/fflnetdynamic2016/63018_franchise_logo0001.jpg,https://www48.myfantasyleague.com/fflnetdynamic2016/63018_franchise_icon0001.jpg,04,Barry Sanders Division,01,BFC
2019,0002,K-Town Rocketeers,R-KT,https://www48.myfantasyleague.com/fflnetdynamic2016/63018_franchise_logo0002.jpg,https://www48.myfantasyleague.com/fflnetdynamic2016/63018_franchise_icon0002.png,04,Barry Sanders Division,01,BFC
2019,0003,CTU Los Angeles,CTU,https://www46.myfantasyleague.com/fflnetdynamic2017/63018_franchise_logo0003.png,https://www46.myfantasyleague.com/fflnetdynamic2017/63018_franchise_icon0003.png,00,Brett Favre Division,01,BFC
2019,0004,Cleve Crusader,CLE,https://www48.myfantasyleague.com/fflnetdynamic2016/63018_franchise_logo0004.gif,https://www48.myfantasyleague.com/fflnetdynamic2016/63018_franchise_icon0004.png,01,Buddy Ryan Division,00,RFC
2019,0005,G-Town Pandas,NA,https://www48.myfantasyleague.com/fflnetdynamic2016/63018_franchise_logo0005.jpg,https://www48.myfantasyleague.com/fflnetdynamic2016/63018_franchise_icon0005.jpg,04,Barry Sanders Division,01,BFC
2019,0006,Dexter Wolves,NA,https://www48.myfantasyleague.com/fflnetdynamic2016/63018_franchise_logo0006.png,https://www48.myfantasyleague.com/fflnetdynamic2016/63018_franchise_icon0006.jpg,02,Reggie White Division,00,RFC
2019,0007,Jena Dragons,JEN,https://www46.myfantasyleague.com/fflnetdynamic2017/63018_franchise_logo0007.png,https://www46.myfantasyleague.com/fflnetdynamic2017/63018_franchise_icon0007.png,00,Brett Favre Division,01,BFC
2019,0008,Dortmund Packers,DOP,https://www48.myfantasyleague.com/fflnetdynamic2018/63018_franchise_logo0008.jpg,https://www48.myfantasyleague.com/fflnetdynamic2018/63018_franchise_icon0008.jpg,00,Brett Favre Division,01,BFC
2019,0009,Syke Steelers,Syke,https://www46.myfantasyleague.com/fflnetdynamic2017/63018_franchise_logo0009.jpg,https://www46.myfantasyleague.com/fflnetdynamic2017/63018_franchise_icon0009.jpg,00,Brett Favre Division,01,BFC
2019,0010,Güstrow Racoons,NA,https://www48.myfantasyleague.com/fflnet2016/newhelmets/nh-0004.png,https://www48.myfantasyleague.com/fflnetdynamic2019/63018_franchise_icon0010.jpg,03,Joe Namath Division,00,RFC
2019,0011,Hannover Bengals,NA,https://www48.myfantasyleague.com/fflnetdynamic2016/63018_franchise_logo0011.png,http://i.imgur.com/zBnku1l.png,00,Brett Favre Division,01,BFC
2019,0012,Wüterich Packers,NA,NA,https://www48.myfantasyleague.com/fflnetdynamic2016/63018_franchise_icon0012.jpg,00,Brett Favre Division,01,BFC
2019,0013,Cologne Thunderkittens,CGRB,https://www48.myfantasyleague.com/fflnetdynamic2019/63018_franchise_logo0013.png,https://www48.myfantasyleague.com/fflnetdynamic2019/63018_franchise_icon0013.png,01,Buddy Ryan Division,00,RFC
2019,0014,Deevillage Moonwalkers,DMW,https://www48.myfantasyleague.com/fflnetdynamic2016/63018_franchise_logo0014.png,https://www48.myfantasyleague.com/fflnetdynamic2016/63018_franchise_icon0014.png,05,Joe Montana Division,01,BFC
2019,0015,Las Vegas Saints,LVS,https://www48.myfantasyleague.com/fflnet2016/newhelmets/nh-0295.png,https://www48.myfantasyleague.com/fflnet2016/newhelmets/nh-0295.png,02,Reggie White Division,00,RFC
2019,0016,Wichita´s Hall of Fame Squad,NA,NA,https://www48.myfantasyleague.com/fflnet2016/helmets/h-0001.gif,02,Reggie White Division,00,RFC
2019,0017,Nordic Wolves,NORD,https://www48.myfantasyleague.com/fflnetdynamic2018/63018_franchise_logo0017.jpg,https://www48.myfantasyleague.com/fflnetdynamic2018/63018_franchise_icon0017.jpg,05,Joe Montana Division,01,BFC
2019,0018,Hintertupfingen Griffins,HTG,https://www48.myfantasyleague.com/fflnetdynamic2016/63018_franchise_logo0018.jpg,https://www48.myfantasyleague.com/fflnetdynamic2016/63018_franchise_icon0018.jpg,04,Barry Sanders Division,01,BFC
2019,0019,Dresden Jaguars,DDJ,http://www48.myfantasyleague.com/fflnetdynamic2019/63018_franchise_logo0019.png,http://www48.myfantasyleague.com/fflnetdynamic2019/63018_franchise_icon0019.png,03,Joe Namath Division,00,RFC
2019,0020,Dresden Cardinals ,NIM,https://www48.myfantasyleague.com/fflnetdynamic2019/63018_franchise_logo0020.jpg,https://www48.myfantasyleague.com/fflnetdynamic2019/63018_franchise_icon0020.jpg,05,Joe Montana Division,01,BFC
2019,0021,Green Düsseldorf Packers ,NA,https://www46.myfantasyleague.com/fflnetdynamic2017/63018_franchise_logo0021.jpg,https://www46.myfantasyleague.com/fflnetdynamic2017/63018_franchise_icon0021.jpg,01,Buddy Ryan Division,00,RFC
2019,0022,M-V Lightning,NA,https://www48.myfantasyleague.com/fflnetdynamic2018/63018_franchise_logo0022.jpg,https://www48.myfantasyleague.com/fflnetdynamic2018/63018_franchise_icon0022.jpg,03,Joe Namath Division,00,RFC
2019,0023,Berlin Bears,BER,https://www48.myfantasyleague.com/fflnetdynamic2016/63018_franchise_logo0023.png,https://www48.myfantasyleague.com/fflnetdynamic2016/63018_franchise_icon0023.png,03,Joe Namath Division,00,RFC
2019,0024,Augsburg Raptors,AUG,http://www48.myfantasyleague.com/fflnetdynamic2019/63018_franchise_logo0024.jpg,http://www48.myfantasyleague.com/fflnetdynamic2019/63018_franchise_icon0024.png,03,Joe Namath Division,00,RFC
2019,0025,Hannover Eagles,HE,https://www46.myfantasyleague.com/fflnetdynamic2017/63018_franchise_logo0025.gif,https://www46.myfantasyleague.com/fflnetdynamic2017/63018_franchise_icon0025.gif,01,Buddy Ryan Division,00,RFC
2019,0026,Red Raiders,NA,https://www48.myfantasyleague.com/fflnetdynamic2016/63018_franchise_logo0026.png,https://www48.myfantasyleague.com/fflnetdynamic2016/63018_franchise_icon0026.png,02,Reggie White Division,00,RFC
2019,0027,Aachen Bandits,NA,https://www46.myfantasyleague.com/fflnetdynamic2017/63018_franchise_logo0027.jpg,https://www46.myfantasyleague.com/fflnetdynamic2017/63018_franchise_icon0027.jpg,04,Barry Sanders Division,01,BFC
2019,0028,German Cats,NA,https://www48.myfantasyleague.com/fflnetdynamic2016/63018_franchise_logo0028.jpg,https://www48.myfantasyleague.com/fflnetdynamic2016/63018_franchise_icon0028.png,01,Buddy Ryan Division,00,RFC
2019,0029,D-Block Busters,DBB,NA,http://www48.myfantasyleague.com/fflnetdynamic2019/63018_franchise_icon0029.jpg,05,Joe Montana Division,01,BFC
2019,0030,Higglystadt Patriots,NA,https://www48.myfantasyleague.com/fflnet2016/helmets/h-0079.gif,https://www48.myfantasyleague.com/fflnet2016/helmets/h-0079.gif,05,Joe Montana Division,01,BFC
2019,0031,German Swans,SWA,NA,https://www46.myfantasyleague.com/fflnetdynamic2017/63018_franchise_icon0031.gif,02,Reggie White Division,00,RFC
2019,0032,Magdeburg Elblilien,NA,http://www48.myfantasyleague.com/fflnetdynamic2019/63018_franchise_logo0032.png,http://www48.myfantasyleague.com/fflnetdynamic2019/63018_franchise_icon0032.png,01,Buddy Ryan Division,00,RFC
2019,0033,Auwald Woodpecker,NA,https://www48.myfantasyleague.com/fflnetdynamic2018/63018_franchise_logo0033.png,https://www48.myfantasyleague.com/fflnetdynamic2018/63018_franchise_icon0033.png,04,Barry Sanders Division,01,BFC
2019,0034,Fulda Jets,FDJ,https://www48.myfantasyleague.com/fflnetdynamic2018/63018_franchise_logo0034.png,https://www48.myfantasyleague.com/fflnetdynamic2018/63018_franchise_icon0034.png,03,Joe Namath Division,00,RFC
2019,0035,Beatdown Bulldogs,BB,https://www48.myfantasyleague.com/fflnetdynamic2016/63018_franchise_logo0035.png,https://www48.myfantasyleague.com/fflnetdynamic2016/63018_franchise_icon0035.gif,05,Joe Montana Division,01,BFC
2019,0036,Baratheon Boars,NA,NA,https://www48.myfantasyleague.com/fflnetdynamic2019/63018_franchise_icon0036.jpg,02,Reggie White Division,00,RFC
2020,0001,Galway Buccaneers,Bucs,https://www48.myfantasyleague.com/fflnetdynamic2016/63018_franchise_logo0001.jpg,https://www48.myfantasyleague.com/fflnetdynamic2016/63018_franchise_icon0001.jpg,04,Barry Sanders Division,00,RFC
2020,0002,Wolftown Rocketeers,R-WT,https://www48.myfantasyleague.com/fflnetdynamic2016/63018_franchise_logo0002.jpg,https://www48.myfantasyleague.com/fflnetdynamic2016/63018_franchise_icon0002.png,04,Barry Sanders Division,00,RFC
2020,0003,CTU Los Angeles,CTU,https://www46.myfantasyleague.com/fflnetdynamic2017/63018_franchise_logo0003.png,https://www46.myfantasyleague.com/fflnetdynamic2017/63018_franchise_icon0003.png,00,Brett Favre Division,01,BFC
2020,0004,Cleve Crusader,CLE,https://www48.myfantasyleague.com/fflnetdynamic2016/63018_franchise_logo0004.gif,https://www48.myfantasyleague.com/fflnetdynamic2016/63018_franchise_icon0004.png,01,Buddy Ryan Division,00,RFC
2020,0005,G-Town Pandas,NA,https://www48.myfantasyleague.com/fflnetdynamic2016/63018_franchise_logo0005.jpg,https://www48.myfantasyleague.com/fflnetdynamic2016/63018_franchise_icon0005.jpg,04,Barry Sanders Division,00,RFC
2020,0006,Dexter Wolves,NA,https://www48.myfantasyleague.com/fflnetdynamic2016/63018_franchise_logo0006.png,https://www48.myfantasyleague.com/fflnetdynamic2016/63018_franchise_icon0006.jpg,02,Reggie White Division,01,BFC
2020,0007,Jena Dragons,JEN,https://www46.myfantasyleague.com/fflnetdynamic2017/63018_franchise_logo0007.png,https://www46.myfantasyleague.com/fflnetdynamic2017/63018_franchise_icon0007.png,00,Brett Favre Division,01,BFC
2020,0008,Dortmund Packers,DOP,https://www48.myfantasyleague.com/fflnetdynamic2018/63018_franchise_logo0008.jpg,https://www48.myfantasyleague.com/fflnetdynamic2018/63018_franchise_icon0008.jpg,00,Brett Favre Division,01,BFC
2020,0009,Syke Steelers,Syke,https://www46.myfantasyleague.com/fflnetdynamic2017/63018_franchise_logo0009.jpg,https://www46.myfantasyleague.com/fflnetdynamic2017/63018_franchise_icon0009.jpg,00,Brett Favre Division,01,BFC
2020,0010,Güstrow Racoons,NA,https://www45.myfantasyleague.com/fflnetdynamic2020/63018_franchise_logo0010.jpg,https://www45.myfantasyleague.com/fflnetdynamic2020/63018_franchise_icon0010.jpg,03,Joe Namath Division,00,RFC
2020,0011,Hannover Bengals,NA,https://www48.myfantasyleague.com/fflnetdynamic2016/63018_franchise_logo0011.png,http://i.imgur.com/zBnku1l.png,00,Brett Favre Division,01,BFC
2020,0012,Wüterich Packers,NA,NA,https://www48.myfantasyleague.com/fflnetdynamic2016/63018_franchise_icon0012.jpg,00,Brett Favre Division,01,BFC
2020,0013,Cologne Thunderkittens,CTK,https://www48.myfantasyleague.com/fflnetdynamic2019/63018_franchise_logo0013.png,https://www48.myfantasyleague.com/fflnetdynamic2019/63018_franchise_icon0013.png,01,Buddy Ryan Division,00,RFC
2020,0014,Deevillage Moonwalkers,DMW,https://www48.myfantasyleague.com/fflnetdynamic2016/63018_franchise_logo0014.png,https://www48.myfantasyleague.com/fflnetdynamic2016/63018_franchise_icon0014.png,05,Joe Montana Division,01,BFC
2020,0015,Las Vegas Saints,LVS,https://www45.myfantasyleague.com/fflnet2020/newhelmets/nh-0215.png,https://www45.myfantasyleague.com/fflnet2020/newhelmets/nh-0215.png,02,Reggie White Division,01,BFC
2020,0016,Wichita´s Hall of Fame Squad,NA,NA,https://www45.myfantasyleague.com/fflnet2016/helmets/h-0001.gif,02,Reggie White Division,01,BFC
2020,0017,Nordic Wolves,WLVS,https://www45.myfantasyleague.com/fflnetdynamic2020/63018_franchise_logo0017.jpg,https://www45.myfantasyleague.com/fflnetdynamic2020/63018_franchise_icon0017.jpg,05,Joe Montana Division,01,BFC
2020,0018,Hintertupfingen Griffins,HTG,https://www48.myfantasyleague.com/fflnetdynamic2016/63018_franchise_logo0018.jpg,https://www48.myfantasyleague.com/fflnetdynamic2016/63018_franchise_icon0018.jpg,04,Barry Sanders Division,00,RFC
2020,0019,Dresden Jaguars,DDJ,https://www48.myfantasyleague.com/fflnetdynamic2019/63018_franchise_logo0019.png,https://www48.myfantasyleague.com/fflnetdynamic2019/63018_franchise_icon0019.png,03,Joe Namath Division,00,RFC
2020,0020,Dresden Cardinals ,NIM,https://www48.myfantasyleague.com/fflnetdynamic2019/63018_franchise_logo0020.jpg,https://www48.myfantasyleague.com/fflnetdynamic2019/63018_franchise_icon0020.jpg,05,Joe Montana Division,01,BFC
2020,0021,Munich Lions,MUC,https://www45.myfantasyleague.com/fflnetdynamic2020/63018_franchise_logo0021.jpg,https://www45.myfantasyleague.com/fflnetdynamic2020/63018_franchise_icon0021.jpg,01,Buddy Ryan Division,00,RFC
2020,0022,M-V Lightning,NA,https://www48.myfantasyleague.com/fflnetdynamic2018/63018_franchise_logo0022.jpg,https://www48.myfantasyleague.com/fflnetdynamic2018/63018_franchise_icon0022.jpg,03,Joe Namath Division,00,RFC
2020,0023,Berlin Bears,BER,https://www48.myfantasyleague.com/fflnetdynamic2016/63018_franchise_logo0023.png,https://www48.myfantasyleague.com/fflnetdynamic2016/63018_franchise_icon0023.png,03,Joe Namath Division,00,RFC
2020,0024,Augsburg Raptors,AUG,https://www48.myfantasyleague.com/fflnetdynamic2019/63018_franchise_logo0024.jpg,https://www48.myfantasyleague.com/fflnetdynamic2019/63018_franchise_icon0024.png,03,Joe Namath Division,00,RFC
2020,0025,Hannover Eagles,HE,https://www46.myfantasyleague.com/fflnetdynamic2017/63018_franchise_logo0025.gif,https://www46.myfantasyleague.com/fflnetdynamic2017/63018_franchise_icon0025.gif,01,Buddy Ryan Division,00,RFC
2020,0026,Red Raiders,NA,https://www48.myfantasyleague.com/fflnetdynamic2016/63018_franchise_logo0026.png,https://www48.myfantasyleague.com/fflnetdynamic2016/63018_franchise_icon0026.png,02,Reggie White Division,01,BFC
2020,0027,Aachen Bandits,NA,https://www46.myfantasyleague.com/fflnetdynamic2017/63018_franchise_logo0027.jpg,https://www46.myfantasyleague.com/fflnetdynamic2017/63018_franchise_icon0027.jpg,04,Barry Sanders Division,00,RFC
2020,0028,German Cats,NA,https://www48.myfantasyleague.com/fflnetdynamic2016/63018_franchise_logo0028.jpg,https://www48.myfantasyleague.com/fflnetdynamic2016/63018_franchise_icon0028.png,01,Buddy Ryan Division,00,RFC
2020,0029,D-Block Busters,DBB,NA,https://www48.myfantasyleague.com/fflnetdynamic2019/63018_franchise_icon0029.jpg,05,Joe Montana Division,01,BFC
2020,0030,Higglystadt Patriots,HP,https://www45.myfantasyleague.com/fflnetdynamic2020/63018_franchise_logo0030.png,https://www45.myfantasyleague.com/fflnetdynamic2020/63018_franchise_icon0030.png,05,Joe Montana Division,01,BFC
2020,0031,German Swans,SWA,NA,https://www46.myfantasyleague.com/fflnetdynamic2017/63018_franchise_icon0031.gif,02,Reggie White Division,01,BFC
2020,0032,Newtown Patriots,NA,https://www45.myfantasyleague.com/fflnetdynamic2020/63018_franchise_logo0032.jpg,https://www45.myfantasyleague.com/fflnetdynamic2020/63018_franchise_icon0032.jpg,01,Buddy Ryan Division,00,RFC
2020,0033,Auwald Woodpecker,NA,https://www48.myfantasyleague.com/fflnetdynamic2018/63018_franchise_logo0033.png,https://www48.myfantasyleague.com/fflnetdynamic2018/63018_franchise_icon0033.png,04,Barry Sanders Division,00,RFC
2020,0034,Fulda Jets,FDJ,https://www48.myfantasyleague.com/fflnetdynamic2018/63018_franchise_logo0034.png,https://www48.myfantasyleague.com/fflnetdynamic2018/63018_franchise_icon0034.png,03,Joe Namath Division,00,RFC
2020,0035,Güstrow Torros,GT,https://g.espncdn.com/lm-static/logo-packs/core/Mascots/mascots-1.svg,https://g.espncdn.com/lm-static/logo-packs/core/Mascots/mascots-1.svg,05,Joe Montana Division,01,BFC
2020,0036,Baratheon Boars,NA,NA,https://www48.myfantasyleague.com/fflnetdynamic2019/63018_franchise_icon0036.jpg,02,Reggie White Division,01,BFC
2021,0001,Dortmund Cardinals,DoCards,https://www45.myfantasyleague.com/fflnetdynamic2021/63018_franchise_logo0001.png,https://www45.myfantasyleague.com/fflnetdynamic2021/63018_franchise_icon0001.png,04,Barry Sanders Division,00,RFC
2021,0002,Wolftown Rocketeers,R-WT,https://www48.myfantasyleague.com/fflnetdynamic2016/63018_franchise_logo0002.jpg,https://www48.myfantasyleague.com/fflnetdynamic2016/63018_franchise_icon0002.png,04,Barry Sanders Division,00,RFC
2021,0003,CTU Los Angeles,CTU,https://www46.myfantasyleague.com/fflnetdynamic2017/63018_franchise_logo0003.png,https://www46.myfantasyleague.com/fflnetdynamic2017/63018_franchise_icon0003.png,00,Brett Favre Division,01,BFC
2021,0004,Cleve Crusader,CLE,https://www48.myfantasyleague.com/fflnetdynamic2016/63018_franchise_logo0004.gif,https://www48.myfantasyleague.com/fflnetdynamic2016/63018_franchise_icon0004.png,01,Buddy Ryan Division,00,RFC
2021,0005,G-Town Pandas,NA,https://www45.myfantasyleague.com/fflnetdynamic2021/63018_franchise_logo0005.png,https://www45.myfantasyleague.com/fflnetdynamic2021/63018_franchise_icon0005.png,04,Barry Sanders Division,00,RFC
2021,0006,Dexter Wolves,NA,https://www48.myfantasyleague.com/fflnetdynamic2016/63018_franchise_logo0006.png,https://www48.myfantasyleague.com/fflnetdynamic2016/63018_franchise_icon0006.jpg,02,Reggie White Division,00,RFC
2021,0007,Jena Dragons,JEN,https://www45.myfantasyleague.com/fflnetdynamic2021/63018_franchise_logo0007.jpg,https://www45.myfantasyleague.com/fflnetdynamic2021/63018_franchise_icon0007.jpg,00,Brett Favre Division,01,BFC
2021,0008,Dortmund Packers,DOP,https://www48.myfantasyleague.com/fflnetdynamic2018/63018_franchise_logo0008.jpg,https://www48.myfantasyleague.com/fflnetdynamic2018/63018_franchise_icon0008.jpg,00,Brett Favre Division,01,BFC
2021,0009,Syke Steelers,Syke,https://www46.myfantasyleague.com/fflnetdynamic2017/63018_franchise_logo0009.jpg,https://www46.myfantasyleague.com/fflnetdynamic2017/63018_franchise_icon0009.jpg,00,Brett Favre Division,01,BFC
2021,0010,Güstrow Racoons,NA,https://www45.myfantasyleague.com/fflnetdynamic2020/63018_franchise_logo0010.jpg,https://www45.myfantasyleague.com/fflnetdynamic2020/63018_franchise_icon0010.jpg,03,Joe Namath Division,01,BFC
2021,0011,Flens Pirates ,NA,https://www45.myfantasyleague.com/fflnetdynamic2021/63018_franchise_logo0011.jpg,https://www45.myfantasyleague.com/fflnetdynamic2021/63018_franchise_icon0011.jpg,00,Brett Favre Division,01,BFC
2021,0012,Wüterich Packers,NA,NA,https://www48.myfantasyleague.com/fflnetdynamic2016/63018_franchise_icon0012.jpg,00,Brett Favre Division,01,BFC
2021,0013,Cologne Thunderkittens,CTK,https://www48.myfantasyleague.com/fflnetdynamic2019/63018_franchise_logo0013.png,https://www48.myfantasyleague.com/fflnetdynamic2019/63018_franchise_icon0013.png,01,Buddy Ryan Division,00,RFC
2021,0014,Deevillage Moonwalkers,DMW,https://www45.myfantasyleague.com/fflnetdynamic2021/63018_franchise_logo0014.png,https://www45.myfantasyleague.com/fflnetdynamic2021/63018_franchise_icon0014.png,05,Joe Montana Division,01,BFC
2021,0015,Las Vegas Saints,LVS,https://www45.myfantasyleague.com/fflnet2020/newhelmets/nh-0215.png,https://www45.myfantasyleague.com/fflnet2020/newhelmets/nh-0215.png,02,Reggie White Division,00,RFC
2021,0016,Wichita´s Hall of Fame Squad,NA,NA,https://www45.myfantasyleague.com/fflnet2016/helmets/h-0001.gif,02,Reggie White Division,00,RFC
2021,0017,Nordic Wolves,WLVS,https://www45.myfantasyleague.com/fflnetdynamic2020/63018_franchise_logo0017.jpg,https://www45.myfantasyleague.com/fflnetdynamic2020/63018_franchise_icon0017.jpg,05,Joe Montana Division,01,BFC
2021,0018,Hintertupfingen Griffins,HTG,https://www48.myfantasyleague.com/fflnetdynamic2016/63018_franchise_logo0018.jpg,https://www48.myfantasyleague.com/fflnetdynamic2016/63018_franchise_icon0018.jpg,04,Barry Sanders Division,00,RFC
2021,0019,Dresden Jaguars,DDJ,https://www48.myfantasyleague.com/fflnetdynamic2019/63018_franchise_logo0019.png,https://www48.myfantasyleague.com/fflnetdynamic2019/63018_franchise_icon0019.png,03,Joe Namath Division,01,BFC
2021,0020,Dresden Cardinals ,NIM,https://www48.myfantasyleague.com/fflnetdynamic2019/63018_franchise_logo0020.jpg,https://www48.myfantasyleague.com/fflnetdynamic2019/63018_franchise_icon0020.jpg,05,Joe Montana Division,01,BFC
2021,0021,Munich Lions,MUC,https://www45.myfantasyleague.com/fflnetdynamic2021/63018_franchise_logo0021.png,https://www45.myfantasyleague.com/fflnetdynamic2021/63018_franchise_icon0021.png,01,Buddy Ryan Division,00,RFC
2021,0022,M-V Lightning,NA,https://www48.myfantasyleague.com/fflnetdynamic2018/63018_franchise_logo0022.jpg,https://www48.myfantasyleague.com/fflnetdynamic2018/63018_franchise_icon0022.jpg,03,Joe Namath Division,01,BFC
2021,0023,Berlin Bears,BER,https://www48.myfantasyleague.com/fflnetdynamic2016/63018_franchise_logo0023.png,https://www48.myfantasyleague.com/fflnetdynamic2016/63018_franchise_icon0023.png,03,Joe Namath Division,01,BFC
2021,0024,Augsburg Raptors,AUG,https://www48.myfantasyleague.com/fflnetdynamic2019/63018_franchise_logo0024.jpg,https://www48.myfantasyleague.com/fflnetdynamic2019/63018_franchise_icon0024.png,03,Joe Namath Division,01,BFC
2021,0025,Hannover Eagles,HE,https://www45.myfantasyleague.com/fflnetdynamic2021/63018_franchise_logo0025.png,https://www46.myfantasyleague.com/fflnetdynamic2017/63018_franchise_icon0025.gif,01,Buddy Ryan Division,00,RFC
2021,0026,Red Raiders,NA,https://www48.myfantasyleague.com/fflnetdynamic2016/63018_franchise_logo0026.png,https://www48.myfantasyleague.com/fflnetdynamic2016/63018_franchise_icon0026.png,02,Reggie White Division,00,RFC
2021,0027,Norderstedt Admirals,NA,https://www46.myfantasyleague.com/fflnetdynamic2017/63018_franchise_logo0027.jpg,https://www45.myfantasyleague.com/fflnetdynamic2021/63018_franchise_icon0027.jpg,04,Barry Sanders Division,00,RFC
2021,0028,German Cats,NA,https://www48.myfantasyleague.com/fflnetdynamic2016/63018_franchise_logo0028.jpg,https://www48.myfantasyleague.com/fflnetdynamic2016/63018_franchise_icon0028.png,01,Buddy Ryan Division,00,RFC
2021,0029,D-Block Busters,DBB,https://www45.myfantasyleague.com/fflnetdynamic2021/63018_franchise_logo0029.png,https://www45.myfantasyleague.com/fflnetdynamic2021/63018_franchise_icon0029.png,05,Joe Montana Division,01,BFC
2021,0030,Higglystadt Patriots,HP,https://www45.myfantasyleague.com/fflnetdynamic2020/63018_franchise_logo0030.png,https://www45.myfantasyleague.com/fflnetdynamic2020/63018_franchise_icon0030.png,05,Joe Montana Division,01,BFC
2021,0031,German Swans,SWA,NA,https://www46.myfantasyleague.com/fflnetdynamic2017/63018_franchise_icon0031.gif,02,Reggie White Division,00,RFC
2021,0032,Newtown Patriots,NA,https://www45.myfantasyleague.com/fflnetdynamic2020/63018_franchise_logo0032.jpg,https://www45.myfantasyleague.com/fflnetdynamic2020/63018_franchise_icon0032.jpg,01,Buddy Ryan Division,00,RFC
2021,0033,Auwald Woodpecker,NA,https://www45.myfantasyleague.com/fflnetdynamic2021/63018_franchise_logo0033.png,https://www45.myfantasyleague.com/fflnetdynamic2021/63018_franchise_icon0033.png,04,Barry Sanders Division,00,RFC
2021,0034,Fulda Jets,FDJ,https://www45.myfantasyleague.com/fflnetdynamic2021/63018_franchise_logo0034.png,https://www45.myfantasyleague.com/fflnetdynamic2021/63018_franchise_icon0034.png,03,Joe Namath Division,01,BFC
2021,0035,Güstrow Torros,GT,https://g.espncdn.com/lm-static/logo-packs/core/Mascots/mascots-1.svg,https://g.espncdn.com/lm-static/logo-packs/core/Mascots/mascots-1.svg,05,Joe Montana Division,01,BFC
2021,0036,Baratheon Boars,NA,https://www45.myfantasyleague.com/fflnetdynamic2021/63018_franchise_logo0036.png,https://www45.myfantasyleague.com/fflnetdynamic2021/63018_franchise_icon0036.png,02,Reggie White Division,00,RFC
2022,0001,Dortmund Cardinals,DoCards,https://www45.myfantasyleague.com/fflnetdynamic2021/63018_franchise_logo0001.png,https://www45.myfantasyleague.com/fflnetdynamic2021/63018_franchise_icon0001.png,04,Barry Sanders Division,00,RFC
2022,0002,Wolftown Rocketeers,R-WT,https://www48.myfantasyleague.com/fflnetdynamic2016/63018_franchise_logo0002.jpg,https://www48.myfantasyleague.com/fflnetdynamic2016/63018_franchise_icon0002.png,04,Barry Sanders Division,00,RFC
2022,0003,CTU Los Angeles,CTU,https://www45.myfantasyleague.com/fflnetdynamic2022/63018_franchise_logo0003.jpg,https://www46.myfantasyleague.com/fflnetdynamic2017/63018_franchise_icon0003.png,00,Brett Favre Division,01,BFC
2022,0004,Cleve Crusader,CLE,https://www48.myfantasyleague.com/fflnetdynamic2016/63018_franchise_logo0004.gif,https://www48.myfantasyleague.com/fflnetdynamic2016/63018_franchise_icon0004.png,01,Buddy Ryan Division,00,RFC
2022,0005,G-Town Pandas,PAN,https://www45.myfantasyleague.com/fflnetdynamic2021/63018_franchise_logo0005.png,https://www45.myfantasyleague.com/fflnetdynamic2021/63018_franchise_icon0005.png,04,Barry Sanders Division,00,RFC
2022,0006,Dexter Wolves,DW,https://www48.myfantasyleague.com/fflnetdynamic2016/63018_franchise_logo0006.png,https://www48.myfantasyleague.com/fflnetdynamic2016/63018_franchise_icon0006.jpg,02,Reggie White Division,00,RFC
2022,0007,Jena Dragons,JEN,https://www45.myfantasyleague.com/fflnetdynamic2021/63018_franchise_logo0007.jpg,https://www45.myfantasyleague.com/fflnetdynamic2021/63018_franchise_icon0007.jpg,00,Brett Favre Division,01,BFC
2022,0008,Dortmund Packers,DOP,https://www48.myfantasyleague.com/fflnetdynamic2018/63018_franchise_logo0008.jpg,https://www48.myfantasyleague.com/fflnetdynamic2018/63018_franchise_icon0008.jpg,00,Brett Favre Division,01,BFC
2022,0009,Syke Steelers,Syke,https://www45.myfantasyleague.com/fflnetdynamic2022/63018_franchise_logo0009.png,https://www46.myfantasyleague.com/fflnetdynamic2017/63018_franchise_icon0009.jpg,00,Brett Favre Division,01,BFC
2022,0010,Güstrow Racoons,NA,https://www45.myfantasyleague.com/fflnetdynamic2020/63018_franchise_logo0010.jpg,https://www45.myfantasyleague.com/fflnetdynamic2020/63018_franchise_icon0010.jpg,03,Joe Namath Division,01,BFC
2022,0011,Flens Pirates ,NA,https://www45.myfantasyleague.com/fflnetdynamic2021/63018_franchise_logo0011.jpg,https://www45.myfantasyleague.com/fflnetdynamic2021/63018_franchise_icon0011.jpg,00,Brett Favre Division,01,BFC
2022,0012,Wüterich Packers,NA,NA,https://www48.myfantasyleague.com/fflnetdynamic2016/63018_franchise_icon0012.jpg,00,Brett Favre Division,01,BFC
2022,0013,Cologne Thunderkittens,CTK,https://www45.myfantasyleague.com/fflnetdynamic2022/63018_franchise_logo0013.jpg,https://www45.myfantasyleague.com/fflnetdynamic2022/63018_franchise_icon0013.jpg,01,Buddy Ryan Division,00,RFC
2022,0014,Deevillage Moonwalkers,DMW,https://www45.myfantasyleague.com/fflnetdynamic2021/63018_franchise_logo0014.png,https://www45.myfantasyleague.com/fflnetdynamic2021/63018_franchise_icon0014.png,05,Joe Montana Division,01,BFC
2022,0015,Las Vegas Saints,LVS,https://www45.myfantasyleague.com/fflnet2020/newhelmets/nh-0215.png,https://www45.myfantasyleague.com/fflnet2020/newhelmets/nh-0215.png,02,Reggie White Division,00,RFC
2022,0016,Wichita´s Hall of Fame Squad,WHOF,NA,https://www45.myfantasyleague.com/fflnet2016/helmets/h-0001.gif,02,Reggie White Division,00,RFC
2022,0017,Nordic Wolves,WLVS,https://www45.myfantasyleague.com/fflnetdynamic2020/63018_franchise_logo0017.jpg,https://www45.myfantasyleague.com/fflnetdynamic2020/63018_franchise_icon0017.jpg,05,Joe Montana Division,01,BFC
2022,0018,Hintertupfingen Griffins,HTG,https://www45.myfantasyleague.com/fflnetdynamic2022/63018_franchise_logo0018.png,https://www45.myfantasyleague.com/fflnetdynamic2022/63018_franchise_icon0018.png,04,Barry Sanders Division,00,RFC
2022,0019,Dresden Jaguars,DDJ,https://www45.myfantasyleague.com/fflnetdynamic2022/63018_franchise_logo0019.png,https://www45.myfantasyleague.com/fflnetdynamic2022/63018_franchise_icon0019.png,03,Joe Namath Division,01,BFC
2022,0020,Wandsbek Hogs,Hogs,https://www45.myfantasyleague.com/fflnetdynamic2022/63018_franchise_logo0020.jpg,https://www45.myfantasyleague.com/fflnetdynamic2022/63018_franchise_icon0020.jpg,05,Joe Montana Division,01,BFC
2022,0021,Munich Lions,MUC,https://www45.myfantasyleague.com/fflnetdynamic2021/63018_franchise_logo0021.png,https://www45.myfantasyleague.com/fflnetdynamic2021/63018_franchise_icon0021.png,01,Buddy Ryan Division,00,RFC
2022,0022,M-V Lightning,NA,https://www48.myfantasyleague.com/fflnetdynamic2018/63018_franchise_logo0022.jpg,https://www48.myfantasyleague.com/fflnetdynamic2018/63018_franchise_icon0022.jpg,03,Joe Namath Division,01,BFC
2022,0023,Berlin Bears,BER,https://www48.myfantasyleague.com/fflnetdynamic2016/63018_franchise_logo0023.png,https://www48.myfantasyleague.com/fflnetdynamic2016/63018_franchise_icon0023.png,03,Joe Namath Division,01,BFC
2022,0024,Milano Raptors,Mil,https://www45.myfantasyleague.com/fflnetdynamic2022/63018_franchise_logo0024.jpg,https://www45.myfantasyleague.com/fflnetdynamic2022/63018_franchise_icon0024.jpg,03,Joe Namath Division,01,BFC
2022,0025,Hannover Eagles,HE,https://www45.myfantasyleague.com/fflnetdynamic2021/63018_franchise_logo0025.png,https://www45.myfantasyleague.com/fflnetdynamic2022/63018_franchise_icon0025.gif,01,Buddy Ryan Division,00,RFC
2022,0026,Red Raiders,RR,https://www48.myfantasyleague.com/fflnetdynamic2016/63018_franchise_logo0026.png,https://www48.myfantasyleague.com/fflnetdynamic2016/63018_franchise_icon0026.png,02,Reggie White Division,00,RFC
2022,0027,Golden Skulls Göttingen,GSG,https://www45.myfantasyleague.com/fflnetdynamic2022/63018_franchise_logo0027.png,https://www45.myfantasyleague.com/fflnetdynamic2022/63018_franchise_icon0027.png,04,Barry Sanders Division,00,RFC
2022,0028,German Cats,GC,https://www48.myfantasyleague.com/fflnetdynamic2016/63018_franchise_logo0028.jpg,https://www45.myfantasyleague.com/fflnetdynamic2022/63018_franchise_icon0028.jpg,01,Buddy Ryan Division,00,RFC
2022,0029,D-Block Busters,DBB,https://www45.myfantasyleague.com/fflnetdynamic2021/63018_franchise_logo0029.png,https://www45.myfantasyleague.com/fflnetdynamic2021/63018_franchise_icon0029.png,05,Joe Montana Division,01,BFC
2022,0030,Higglystadt Patriots,HP,https://www45.myfantasyleague.com/fflnetdynamic2020/63018_franchise_logo0030.png,https://www45.myfantasyleague.com/fflnetdynamic2020/63018_franchise_icon0030.png,05,Joe Montana Division,01,BFC
2022,0031,German Swans,SWA,NA,https://www46.myfantasyleague.com/fflnetdynamic2017/63018_franchise_icon0031.gif,02,Reggie White Division,00,RFC
2022,0032,Newtown Patriots,NP,https://www45.myfantasyleague.com/fflnetdynamic2020/63018_franchise_logo0032.jpg,https://www45.myfantasyleague.com/fflnetdynamic2020/63018_franchise_icon0032.jpg,01,Buddy Ryan Division,00,RFC
2022,0033,Auwald Woodpecker,WOOD,https://www45.myfantasyleague.com/fflnetdynamic2021/63018_franchise_logo0033.png,https://www45.myfantasyleague.com/fflnetdynamic2021/63018_franchise_icon0033.png,04,Barry Sanders Division,00,RFC
2022,0034,Fulda Jets,FDJ,https://www45.myfantasyleague.com/fflnetdynamic2021/63018_franchise_logo0034.png,https://www45.myfantasyleague.com/fflnetdynamic2021/63018_franchise_icon0034.png,03,Joe Namath Division,01,BFC
2022,0035,Güstrow Torros,GT,https://g.espncdn.com/lm-static/logo-packs/core/Mascots/mascots-1.svg,https://g.espncdn.com/lm-static/logo-packs/core/Mascots/mascots-1.svg,05,Joe Montana Division,01,BFC
2022,0036,Baratheon Boars,BOA,https://www45.myfantasyleague.com/fflnetdynamic2021/63018_franchise_logo0036.png,https://www45.myfantasyleague.com/fflnetdynamic2021/63018_franchise_icon0036.png,02,Reggie White Division,00,RFC
2023,0001,Reinheim SilverSharks,RSS,https://www48.myfantasyleague.com/fflnetdynamic2009/45911_franchise_icon0005.jpg,https://www48.myfantasyleague.com/fflnetdynamic2009/45911_franchise_icon0005.jpg,04,Barry Sanders Division,00,RFC
2023,0002,Wolftown Rocketeers,R-WT,https://www48.myfantasyleague.com/fflnetdynamic2016/63018_franchise_logo0002.jpg,https://www48.myfantasyleague.com/fflnetdynamic2016/63018_franchise_icon0002.png,04,Barry Sanders Division,00,RFC
2023,0003,CTU Los Angeles,CTU,https://www45.myfantasyleague.com/fflnetdynamic2022/63018_franchise_logo0003.jpg,https://www46.myfantasyleague.com/fflnetdynamic2017/63018_franchise_icon0003.png,00,Brett Favre Division,00,RFC
2023,0004,Cleve Crusader,CLE,https://www48.myfantasyleague.com/fflnetdynamic2016/63018_franchise_logo0004.gif,https://www48.myfantasyleague.com/fflnetdynamic2016/63018_franchise_icon0004.png,01,Buddy Ryan Division,01,BFC
2023,0005,G-Town Pandas,PAN,https://www45.myfantasyleague.com/fflnetdynamic2021/63018_franchise_logo0005.png,https://www45.myfantasyleague.com/fflnetdynamic2021/63018_franchise_icon0005.png,04,Barry Sanders Division,00,RFC
2023,0006,Dexter Wolves,DW,https://www48.myfantasyleague.com/fflnetdynamic2016/63018_franchise_logo0006.png,https://www48.myfantasyleague.com/fflnetdynamic2016/63018_franchise_icon0006.jpg,02,Reggie White Division,01,BFC
2023,0007,Jena Dragons,JEN,https://www45.myfantasyleague.com/fflnetdynamic2021/63018_franchise_logo0007.jpg,https://www45.myfantasyleague.com/fflnetdynamic2021/63018_franchise_icon0007.jpg,00,Brett Favre Division,00,RFC
2023,0008,Dortmund Packers,DOP,https://www48.myfantasyleague.com/fflnetdynamic2018/63018_franchise_logo0008.jpg,https://www48.myfantasyleague.com/fflnetdynamic2018/63018_franchise_icon0008.jpg,00,Brett Favre Division,00,RFC
2023,0009,Syke Steelers,Syke,https://www45.myfantasyleague.com/fflnetdynamic2023/63018_franchise_logo0009.jpg,https://www46.myfantasyleague.com/fflnetdynamic2017/63018_franchise_icon0009.jpg,00,Brett Favre Division,00,RFC
2023,0010,Güstrow Racoons,NA,https://www45.myfantasyleague.com/fflnetdynamic2020/63018_franchise_logo0010.jpg,https://www45.myfantasyleague.com/fflnetdynamic2020/63018_franchise_icon0010.jpg,03,Joe Namath Division,00,RFC
2023,0011,Flens Pirates ,NA,https://www45.myfantasyleague.com/fflnetdynamic2021/63018_franchise_logo0011.jpg,https://www45.myfantasyleague.com/fflnetdynamic2021/63018_franchise_icon0011.jpg,00,Brett Favre Division,00,RFC
2023,0012,Wüterich Packers,NA,NA,https://www48.myfantasyleague.com/fflnetdynamic2016/63018_franchise_icon0012.jpg,00,Brett Favre Division,00,RFC
2023,0013,Cologne Thunderkittens,CTK,https://www45.myfantasyleague.com/fflnetdynamic2022/63018_franchise_logo0013.jpg,https://www45.myfantasyleague.com/fflnetdynamic2022/63018_franchise_icon0013.jpg,01,Buddy Ryan Division,01,BFC
2023,0014,Deevillage Moonwalkers,DMW,https://www45.myfantasyleague.com/fflnetdynamic2021/63018_franchise_logo0014.png,https://www45.myfantasyleague.com/fflnetdynamic2021/63018_franchise_icon0014.png,05,Joe Montana Division,01,BFC
2023,0015,Las Vegas Saints,LVS,https://www45.myfantasyleague.com/fflnet2020/newhelmets/nh-0215.png,https://www45.myfantasyleague.com/fflnet2020/newhelmets/nh-0215.png,02,Reggie White Division,01,BFC
2023,0016,Wichita´s Hall of Fame Squad,WHOF,NA,https://www45.myfantasyleague.com/fflnet2016/helmets/h-0001.gif,02,Reggie White Division,01,BFC
2023,0017,Nordic Wolves,WLVS,https://www45.myfantasyleague.com/fflnetdynamic2020/63018_franchise_logo0017.jpg,https://www45.myfantasyleague.com/fflnetdynamic2020/63018_franchise_icon0017.jpg,05,Joe Montana Division,01,BFC
2023,0018,Hintertupfingen Griffins,HTG,https://www45.myfantasyleague.com/fflnetdynamic2022/63018_franchise_logo0018.png,https://www45.myfantasyleague.com/fflnetdynamic2022/63018_franchise_icon0018.png,04,Barry Sanders Division,00,RFC
2023,0019,Dresden Jaguars,DDJ,https://www45.myfantasyleague.com/fflnetdynamic2022/63018_franchise_logo0019.png,https://www45.myfantasyleague.com/fflnetdynamic2022/63018_franchise_icon0019.png,03,Joe Namath Division,00,RFC
2023,0020,Deloused Duck‘s,Ducks,https://www45.myfantasyleague.com/fflnetdynamic2023/63018_franchise_logo0020.png,https://www45.myfantasyleague.com/fflnetdynamic2023/63018_franchise_icon0020.png,05,Joe Montana Division,01,BFC
2023,0021,Munich Lions,MUC,https://www45.myfantasyleague.com/fflnetdynamic2021/63018_franchise_logo0021.png,https://www45.myfantasyleague.com/fflnetdynamic2021/63018_franchise_icon0021.png,01,Buddy Ryan Division,01,BFC
2023,0022,M-V Lightning,NA,https://www48.myfantasyleague.com/fflnetdynamic2018/63018_franchise_logo0022.jpg,https://www48.myfantasyleague.com/fflnetdynamic2018/63018_franchise_icon0022.jpg,03,Joe Namath Division,00,RFC
2023,0023,Güstrow Rugrats,BER,https://www48.myfantasyleague.com/fflnetdynamic2016/63018_franchise_logo0023.png,https://www48.myfantasyleague.com/fflnetdynamic2016/63018_franchise_icon0023.png,03,Joe Namath Division,00,RFC
2023,0024,Milano Raptors,Mil,https://www45.myfantasyleague.com/fflnetdynamic2022/63018_franchise_logo0024.jpg,https://www45.myfantasyleague.com/fflnetdynamic2022/63018_franchise_icon0024.jpg,03,Joe Namath Division,00,RFC
2023,0025,Hannover Eagles,HE,https://www45.myfantasyleague.com/fflnetdynamic2021/63018_franchise_logo0025.png,https://www45.myfantasyleague.com/fflnetdynamic2022/63018_franchise_icon0025.gif,01,Buddy Ryan Division,01,BFC
2023,0026,Red Raiders,RR,https://www48.myfantasyleague.com/fflnetdynamic2016/63018_franchise_logo0026.png,https://www48.myfantasyleague.com/fflnetdynamic2016/63018_franchise_icon0026.png,02,Reggie White Division,01,BFC
2023,0027,Golden Skulls Göttingen,GSG,https://www45.myfantasyleague.com/fflnetdynamic2022/63018_franchise_logo0027.png,https://www45.myfantasyleague.com/fflnetdynamic2022/63018_franchise_icon0027.png,04,Barry Sanders Division,00,RFC
2023,0028,German Cats,GC,https://www48.myfantasyleague.com/fflnetdynamic2016/63018_franchise_logo0028.jpg,https://www45.myfantasyleague.com/fflnetdynamic2022/63018_franchise_icon0028.jpg,01,Buddy Ryan Division,01,BFC
2023,0029,D-Block Busters,DBB,https://www45.myfantasyleague.com/fflnetdynamic2021/63018_franchise_logo0029.png,https://www45.myfantasyleague.com/fflnetdynamic2021/63018_franchise_icon0029.png,05,Joe Montana Division,01,BFC
2023,0030,Higglystadt Patriots,HP,https://www45.myfantasyleague.com/fflnetdynamic2020/63018_franchise_logo0030.png,https://www45.myfantasyleague.com/fflnetdynamic2020/63018_franchise_icon0030.png,05,Joe Montana Division,01,BFC
2023,0031,German Swans,SWA,NA,https://www46.myfantasyleague.com/fflnetdynamic2017/63018_franchise_icon0031.gif,02,Reggie White Division,01,BFC
2023,0032,Newtown Patriots,NP,https://www45.myfantasyleague.com/fflnetdynamic2020/63018_franchise_logo0032.jpg,https://www45.myfantasyleague.com/fflnetdynamic2020/63018_franchise_icon0032.jpg,01,Buddy Ryan Division,01,BFC
2023,0033,Auwald Woodpecker,WOOD,https://www45.myfantasyleague.com/fflnetdynamic2021/63018_franchise_logo0033.png,https://www45.myfantasyleague.com/fflnetdynamic2021/63018_franchise_icon0033.png,04,Barry Sanders Division,00,RFC
2023,0034,Fulda Jets,FDJ,https://www45.myfantasyleague.com/fflnetdynamic2021/63018_franchise_logo0034.png,https://www45.myfantasyleague.com/fflnetdynamic2021/63018_franchise_icon0034.png,03,Joe Namath Division,00,RFC
2023,0035,Güstrow Torros,GT,https://g.espncdn.com/lm-static/logo-packs/core/Mascots/mascots-1.svg,https://g.espncdn.com/lm-static/logo-packs/core/Mascots/mascots-1.svg,05,Joe Montana Division,01,BFC
2023,0036,Baratheon Boars,BOA,https://www45.myfantasyleague.com/fflnetdynamic2021/63018_franchise_logo0036.png,https://www45.myfantasyleague.com/fflnetdynamic2021/63018_franchise_icon0036.png,02,Reggie White Division,01,BFC
2024,0001,Reinheim SilverSharks,RSS,https://www48.myfantasyleague.com/fflnetdynamic2009/45911_franchise_icon0005.jpg,https://www48.myfantasyleague.com/fflnetdynamic2009/45911_franchise_icon0005.jpg,04,Barry Sanders Division,00,RFC
2024,0002,Wolftown Rocketeers,R-WT,https://www48.myfantasyleague.com/fflnetdynamic2016/63018_franchise_logo0002.jpg,https://www48.myfantasyleague.com/fflnetdynamic2016/63018_franchise_icon0002.png,04,Barry Sanders Division,00,RFC
2024,0003,CTU Los Angeles,CTU,https://www45.myfantasyleague.com/fflnetdynamic2022/63018_franchise_logo0003.jpg,https://www46.myfantasyleague.com/fflnetdynamic2017/63018_franchise_icon0003.png,00,Brett Favre Division,00,RFC
2024,0004,Cleve Crusader,CLE,https://www48.myfantasyleague.com/fflnetdynamic2016/63018_franchise_logo0004.gif,https://www48.myfantasyleague.com/fflnetdynamic2016/63018_franchise_icon0004.png,01,Buddy Ryan Division,01,BFC
2024,0005,G-Town Pandas,PAN,https://www45.myfantasyleague.com/fflnetdynamic2021/63018_franchise_logo0005.png,https://www45.myfantasyleague.com/fflnetdynamic2021/63018_franchise_icon0005.png,04,Barry Sanders Division,00,RFC
2024,0006,Dire Wolves,DW,https://www45.myfantasyleague.com/fflnetdynamic2024/63018_franchise_logo0006.jpg,https://www45.myfantasyleague.com/fflnetdynamic2024/63018_franchise_icon0006.jpg,02,Reggie White Division,01,BFC
2024,0007,Jena Dragons,JEN,https://www45.myfantasyleague.com/fflnetdynamic2021/63018_franchise_logo0007.jpg,https://www45.myfantasyleague.com/fflnetdynamic2021/63018_franchise_icon0007.jpg,00,Brett Favre Division,00,RFC
2024,0008,Dortmund Packers,DOP,https://www48.myfantasyleague.com/fflnetdynamic2018/63018_franchise_logo0008.jpg,https://www48.myfantasyleague.com/fflnetdynamic2018/63018_franchise_icon0008.jpg,00,Brett Favre Division,00,RFC
2024,0009,Syke Steelers,Syke,https://www45.myfantasyleague.com/fflnetdynamic2023/63018_franchise_logo0009.jpg,https://www46.myfantasyleague.com/fflnetdynamic2017/63018_franchise_icon0009.jpg,00,Brett Favre Division,00,RFC
2024,0010,Güstrow Racoons,NA,https://www45.myfantasyleague.com/fflnetdynamic2020/63018_franchise_logo0010.jpg,https://www45.myfantasyleague.com/fflnetdynamic2020/63018_franchise_icon0010.jpg,03,Joe Namath Division,00,RFC
2024,0011,Flens Pirates ,NA,https://www45.myfantasyleague.com/fflnetdynamic2021/63018_franchise_logo0011.jpg,https://www45.myfantasyleague.com/fflnetdynamic2021/63018_franchise_icon0011.jpg,00,Brett Favre Division,00,RFC
2024,0012,Wüterich Packers,NA,NA,https://www48.myfantasyleague.com/fflnetdynamic2016/63018_franchise_icon0012.jpg,00,Brett Favre Division,00,RFC
2024,0013,Berlin Packers,BP,https://www45.myfantasyleague.com/fflnetdynamic2024/63018_franchise_logo0013.png,https://www45.myfantasyleague.com/fflnetdynamic2024/63018_franchise_icon0013.png,01,Buddy Ryan Division,01,BFC
2024,0014,Deevillage Moonwalkers,DMW,https://www45.myfantasyleague.com/fflnetdynamic2021/63018_franchise_logo0014.png,https://www45.myfantasyleague.com/fflnetdynamic2021/63018_franchise_icon0014.png,05,Joe Montana Division,01,BFC
2024,0015,Las Vegas Saints,LVS,https://www45.myfantasyleague.com/fflnet2020/newhelmets/nh-0215.png,https://www45.myfantasyleague.com/fflnet2020/newhelmets/nh-0215.png,02,Reggie White Division,01,BFC
2024,0016,Wichita´s Hall of Fame Squad,WHOF,NA,https://www45.myfantasyleague.com/fflnet2016/helmets/h-0001.gif,02,Reggie White Division,01,BFC
2024,0017,Nordic Wolves,WLVS,https://www45.myfantasyleague.com/fflnetdynamic2020/63018_franchise_logo0017.jpg,https://www45.myfantasyleague.com/fflnetdynamic2020/63018_franchise_icon0017.jpg,05,Joe Montana Division,01,BFC
2024,0018,Hintertupfingen Griffins,HTG,https://www45.myfantasyleague.com/fflnetdynamic2022/63018_franchise_logo0018.png,https://www45.myfantasyleague.com/fflnetdynamic2022/63018_franchise_icon0018.png,04,Barry Sanders Division,00,RFC
2024,0019,Dresden Jaguars,DDJ,https://www45.myfantasyleague.com/fflnetdynamic2022/63018_franchise_logo0019.png,https://www45.myfantasyleague.com/fflnetdynamic2022/63018_franchise_icon0019.png,03,Joe Namath Division,00,RFC
2024,0020,Deloused Duck‘s,Ducks,https://www45.myfantasyleague.com/fflnetdynamic2023/63018_franchise_logo0020.png,https://www45.myfantasyleague.com/fflnetdynamic2023/63018_franchise_icon0020.png,05,Joe Montana Division,01,BFC
2024,0021,Munich Lions,MUC,https://www45.myfantasyleague.com/fflnetdynamic2021/63018_franchise_logo0021.png,https://www45.myfantasyleague.com/fflnetdynamic2021/63018_franchise_icon0021.png,01,Buddy Ryan Division,01,BFC
2024,0022,M-V Lightning,NA,https://www48.myfantasyleague.com/fflnetdynamic2018/63018_franchise_logo0022.jpg,https://www48.myfantasyleague.com/fflnetdynamic2018/63018_franchise_icon0022.jpg,03,Joe Namath Division,00,RFC
2024,0023,Güstrow Rugrats,BER,https://www48.myfantasyleague.com/fflnetdynamic2016/63018_franchise_logo0023.png,https://www48.myfantasyleague.com/fflnetdynamic2016/63018_franchise_icon0023.png,03,Joe Namath Division,00,RFC
2024,0024,Milano Raptors,Mil,https://www45.myfantasyleague.com/fflnetdynamic2022/63018_franchise_logo0024.jpg,https://www45.myfantasyleague.com/fflnetdynamic2022/63018_franchise_icon0024.jpg,03,Joe Namath Division,00,RFC
2024,0025,Hannover Eagles,HE,https://www45.myfantasyleague.com/fflnetdynamic2021/63018_franchise_logo0025.png,https://www45.myfantasyleague.com/fflnetdynamic2022/63018_franchise_icon0025.gif,01,Buddy Ryan Division,01,BFC
2024,0026,Red Raiders,RR,https://www48.myfantasyleague.com/fflnetdynamic2016/63018_franchise_logo0026.png,https://www48.myfantasyleague.com/fflnetdynamic2016/63018_franchise_icon0026.png,02,Reggie White Division,01,BFC
2024,0027,Golden Skulls Göttingen,GSG,https://www45.myfantasyleague.com/fflnetdynamic2022/63018_franchise_logo0027.png,https://www45.myfantasyleague.com/fflnetdynamic2022/63018_franchise_icon0027.png,04,Barry Sanders Division,00,RFC
2024,0028,German Cats,GC,https://www48.myfantasyleague.com/fflnetdynamic2016/63018_franchise_logo0028.jpg,https://www45.myfantasyleague.com/fflnetdynamic2022/63018_franchise_icon0028.jpg,01,Buddy Ryan Division,01,BFC
2024,0029,D-Block Busters,DBB,https://www45.myfantasyleague.com/fflnetdynamic2021/63018_franchise_logo0029.png,https://www45.myfantasyleague.com/fflnetdynamic2021/63018_franchise_icon0029.png,05,Joe Montana Division,01,BFC
2024,0030,Higglystadt Patriots,HP,https://www45.myfantasyleague.com/fflnetdynamic2020/63018_franchise_logo0030.png,https://www45.myfantasyleague.com/fflnetdynamic2020/63018_franchise_icon0030.png,05,Joe Montana Division,01,BFC
2024,0031,German Swans,SWA,NA,https://www46.myfantasyleague.com/fflnetdynamic2017/63018_franchise_icon0031.gif,02,Reggie White Division,01,BFC
2024,0032,Newtown Patriots,NP,https://www45.myfantasyleague.com/fflnetdynamic2020/63018_franchise_logo0032.jpg,https://www45.myfantasyleague.com/fflnetdynamic2020/63018_franchise_icon0032.jpg,01,Buddy Ryan Division,01,BFC
2024,0033,Auwald Woodpecker,WOOD,https://www45.myfantasyleague.com/fflnetdynamic2021/63018_franchise_logo0033.png,https://www45.myfantasyleague.com/fflnetdynamic2021/63018_franchise_icon0033.png,04,Barry Sanders Division,00,RFC
2024,0034,Fulda Jets,FDJ,https://www45.myfantasyleague.com/fflnetdynamic2021/63018_franchise_logo0034.png,https://www45.myfantasyleague.com/fflnetdynamic2021/63018_franchise_icon0034.png,03,Joe Namath Division,00,RFC
2024,0035,Güstrow Torros,GT,https://g.espncdn.com/lm-static/logo-packs/core/Mascots/mascots-1.svg,https://g.espncdn.com/lm-static/logo-packs/core/Mascots/mascots-1.svg,05,Joe Montana Division,01,BFC
2024,0036,Baratheon Boars,BOA,https://www45.myfantasyleague.com/fflnetdynamic2021/63018_franchise_logo0036.png,https://www45.myfantasyleague.com/fflnetdynamic2021/63018_franchise_icon0036.png,02,Reggie White Division,01,BFC
